Name,Team,date,2B,3B,ERA,K/BB,OPS,WHIP,IBB,BB,HBP,K,GS,S,W,HIT,SO,CG,INNING,ER,GP,BF,BA,PA,PITCH,L,HOLD,HR,GA
고영표,KT,04월 14일,0.0,0.3,5.545,4.2,0.8435,1.569,0.0,1.7,0.1,6.3,1.0,0.0,0.0,7.1,0.0,0.0,5.64,3.4,1.0,22.3,0.3174,24.7,92.4,0.1,0.0,1.0,6
고영표,KT,04월 20일,2.1,0.1,8.626,5.6,0.942,1.643,0.0,1.2,0.0,6.2,1.0,0.0,0.0,7.8,0.0,0.0,5.29,5.2,1.0,22.9,0.3399,24.4,96.2,0.7,0.0,1.0,2
고영표,KT,04월 26일,1.3,0.0,3.526,nan,0.831,1.402,0.0,0.4,0.0,5.3,1.0,0.0,0.7,7.8,0.0,0.0,5.82,2.2,1.0,24.3,0.3209,24.7,102.8,0.2,0.0,1.0,2
고영표,KT,05월 08일,1.2,0.0,2.713,nan,0.5867,0.904,0.0,1.5,0.0,7.9,1.0,0.0,0.9,5.2,0.0,0.7,8.01,2.2,1.0,27.6,0.1954,29.8,106.5,0.1,0.0,1.0,7
고영표,KT,05월 13일,1.0,0.7,5.59,nan,0.9634,1.667,0.0,1.8,1.4,5.1,1.0,0.0,0.3,7.2,0.0,0.2,5.9,3.3,1.0,23.0,0.3263,27.1,107.8,0.7,0.0,1.0,3
고영표,KT,05월 19일,3.1,0.2,4.79,5.75,0.8745,1.517,0.0,1.3,0.4,6.6,1.0,0.0,0.1,7.6,0.0,0.1,6.1,3.1,1.0,23.9,0.3231,26.6,105.2,0.9,0.0,0.3,0
고영표,KT,05월 24일,1.6,0.1,1.62,nan,0.6551,1.102,0.0,0.4,0.9,6.7,1.0,0.0,0.0,6.6,0.0,0.0,6.6,1.0,1.0,25.1,0.2664,26.7,88.3,0.3,0.0,0.1,1
고영표,KT,05월 30일,0.6,0.0,1.15,nan,0.5201,0.945,0.0,0.8,0.9,9.8,1.0,0.0,0.7,6.9,0.0,0.7,8.3,1.0,1.0,30.7,0.2279,32.5,116.2,0.1,0.0,0.0,4
고영표,KT,06월 05일,0.1,0.0,3.182,nan,0.5975,0.929,0.0,0.9,1.0,4.3,1.0,0.0,0.2,5.5,0.0,0.2,6.77,2.3,1.0,24.6,0.2244,27.9,96.0,0.7,0.0,0.7,5
고영표,KT,06월 10일,0.7,0.7,5.677,nan,0.7259,1.119,0.0,0.3,0.3,4.3,1.0,0.0,0.1,7.3,0.0,0.1,6.46,4.2,1.0,27.3,0.2668,28.3,99.2,0.9,0.0,0.9,6
고영표,KT,06월 16일,0.9,0.2,8.076,nan,0.8698,2.015,0.0,0.8,0.8,5.9,1.0,0.0,0.0,9.8,0.0,0.0,5.35,4.8,1.0,26.0,0.376,27.8,96.4,1.0,0.0,0.3,4
고영표,KT,06월 22일,1.0,0.1,6.451,nan,0.7748,1.594,0.0,0.9,0.9,3.9,1.0,0.0,0.0,8.6,0.0,0.0,5.89,4.3,1.0,25.5,0.3372,28.0,92.9,1.0,0.0,0.1,5
고영표,KT,06월 30일,1.0,0.0,8.336,3.4,1.0338,1.924,0.0,1.0,1.0,3.4,1.0,0.0,0.0,9.0,0.0,0.0,5.22,4.8,1.0,23.7,0.38,25.9,97.2,0.3,0.0,1.4,0
고영표,KT,07월 07일,0.3,0.0,2.368,3.0,0.5879,0.913,0.0,1.0,1.7,3.0,1.0,0.0,0.7,4.0,0.7,0.7,5.25,1.4,1.0,17.6,0.2033,20.4,72.3,0.1,0.0,0.4,1
구창모,NC,04월 20일,0.8,0.0,4.08,2.349,0.918,1.763,0.0,2.3,0.2,5.3,1.0,0.0,0.0,6.4,0.0,0.0,4.92,2.3,1.0,21.2,0.3009,23.7,96.8,0.7,0.0,1.5,6
구창모,NC,05월 11일,1.6,0.0,19.98,1.083,1.519,3.695,0.0,2.1,0.1,2.4,1.0,0.0,0.0,6.8,0.0,0.0,2.81,4.8,1.0,13.9,0.5366,16.1,62.9,0.9,0.0,1.1,0
구창모,NC,05월 17일,1.2,0.0,5.94,3.15,0.7314,1.549,0.0,1.3,0.0,3.5,1.0,0.0,0.0,4.2,0.0,0.0,5.1,1.5,1.0,18.4,0.264,19.7,82.2,0.3,0.0,0.4,4
구창모,NC,05월 22일,2.5,0.0,10.26,2.25,0.8396,1.634,0.0,1.1,0.0,2.3,1.0,0.0,0.0,4.1,0.0,0.0,3.57,3.4,1.0,14.9,0.2938,16.0,66.2,0.8,0.0,0.1,3
구창모,NC,05월 27일,2.1,0.7,5.31,nan,0.8273,1.417,0.0,0.3,0.0,3.6,1.0,0.0,0.0,7.4,0.0,0.0,5.42,2.9,1.0,21.6,0.3347,23.3,75.3,0.9,0.0,0.0,5
구창모,NC,06월 02일,1.4,0.2,8.28,nan,0.9483,1.71,0.0,0.1,0.0,2.4,1.0,0.0,0.0,8.5,0.0,0.0,5.01,4.5,1.0,21.6,0.3899,22.8,75.5,1.0,0.0,0.7,5
구창모,NC,06월 09일,1.8,0.1,8.158,nan,0.9243,1.56,0.0,0.0,0.0,2.9,1.0,0.0,0.0,8.3,0.0,0.0,5.17,4.8,1.0,22.9,0.3629,24.0,88.2,1.0,0.0,0.9,0
구창모,NC,06월 15일,0.5,0.0,2.588,nan,0.5104,0.872,0.0,0.7,0.7,3.6,1.0,0.0,0.0,3.9,0.0,0.0,5.09,1.5,1.0,18.7,0.1931,21.1,87.9,0.3,0.0,0.3,4
구창모,NC,06월 22일,0.9,0.0,3.994,nan,0.6476,1.081,0.0,1.6,0.2,3.2,1.0,0.0,0.0,4.7,0.0,0.0,5.73,2.6,1.0,21.1,0.2173,23.2,96.2,0.1,0.0,0.8,1
구창모,NC,06월 27일,0.2,0.0,1.95,1.4,0.7155,1.34,0.0,3.3,0.1,3.8,1.0,0.0,0.0,4.7,0.0,0.0,5.91,1.3,1.0,20.1,0.2322,23.6,100.0,0.7,0.0,0.9,5
구창모,NC,07월 04일,0.8,0.0,4.95,4.55,0.7536,1.236,0.0,1.7,0.7,5.3,1.0,0.0,0.0,5.7,0.0,0.0,6.0,3.3,1.0,22.3,0.2554,25.4,90.5,0.9,0.0,1.0,9
구창모,NC,07월 10일,1.6,0.0,16.813,1.65,1.2407,2.673,0.0,2.0,0.2,2.3,1.0,0.0,0.0,8.7,0.0,0.0,4.04,7.2,1.0,20.6,0.4272,23.7,85.5,1.0,0.0,1.7,4
금민철,KT,04월 15일,0.1,0.0,3.768,4.234,0.6016,1.088,0.0,1.4,0.7,4.9,1.0,0.0,0.3,5.2,0.0,0.0,6.1,2.5,1.0,23.5,0.2223,25.6,96.0,0.0,0.0,0.7,7
금민철,KT,04월 21일,2.1,0.0,8.904,1.867,0.9655,2.239,0.0,1.9,0.2,2.9,1.0,0.0,0.1,7.8,0.0,0.0,4.7,4.2,1.0,20.4,0.3951,23.2,88.1,0.7,0.0,0.2,3
금민철,KT,04월 27일,0.6,0.0,7.061,0.98,0.9699,2.267,0.0,4.0,0.1,2.3,1.0,0.0,0.0,5.8,0.0,0.0,4.27,3.4,1.0,17.4,0.3347,21.7,90.8,0.9,0.0,0.8,2
금민철,KT,05월 03일,0.3,0.0,4.891,2.28,0.7963,1.857,0.0,1.9,0.0,2.7,1.0,0.0,0.0,6.8,0.0,0.0,4.72,2.5,1.0,19.8,0.3431,21.8,75.1,0.3,0.0,0.2,2
금민철,KT,05월 09일,0.0,0.0,3.443,2.74,0.8999,1.72,0.0,1.4,0.0,2.9,1.0,0.0,0.0,8.2,0.0,0.0,5.61,2.1,1.0,24.0,0.3401,25.4,97.2,0.1,0.0,1.5,3
금민철,KT,05월 15일,0.7,0.0,4.11,3.0,0.9465,2.013,0.0,1.0,0.0,3.0,1.0,0.0,0.0,10.9,0.0,0.0,5.9,2.7,1.0,25.5,0.4259,27.9,99.5,0.0,0.0,0.4,0
금민철,KT,05월 20일,0.9,0.0,1.2,2.65,0.7062,1.42,0.7,1.7,0.7,4.4,1.0,0.0,0.7,6.8,0.0,0.0,6.0,0.8,1.0,23.2,0.2859,26.0,99.6,0.0,0.0,0.2,2
금민철,KT,05월 26일,1.7,0.0,2.55,nan,0.809,1.62,0.2,0.5,0.2,3.4,1.0,0.0,0.9,9.2,0.0,0.0,6.0,1.7,1.0,25.2,0.3611,26.1,92.1,0.0,0.0,0.0,4
금민철,KT,06월 01일,0.5,0.0,4.198,nan,0.7885,1.648,0.1,3.7,0.1,1.8,1.0,0.0,0.3,7.4,0.0,0.0,6.7,3.2,1.0,24.9,0.2957,28.7,95.5,0.7,0.0,0.7,6
금민철,KT,06월 07일,1.6,0.0,7.628,nan,0.967,1.79,0.0,2.4,1.4,2.6,1.0,0.0,0.1,8.7,0.0,0.0,6.2,5.2,1.0,24.4,0.357,29.6,101.8,0.9,0.0,0.9,2
금민철,KT,06월 14일,0.4,0.0,4.113,0.789,0.8163,1.538,0.0,3.0,0.4,2.1,1.0,0.0,0.0,7.4,0.0,0.0,6.8,3.0,1.0,24.8,0.299,29.3,107.0,1.0,0.0,1.0,7
금민철,KT,06월 19일,0.9,0.0,13.44,0.984,0.9693,1.995,0.0,2.9,0.2,2.8,1.0,0.0,0.0,5.8,0.0,0.0,4.24,5.9,1.0,17.9,0.3266,22.1,85.5,0.3,0.0,1.0,7
금민철,KT,06월 24일,0.2,0.0,11.043,3.067,1.1472,1.86,0.0,1.6,0.0,3.6,1.0,0.0,0.0,8.7,0.0,0.0,5.54,6.5,1.0,23.7,0.3641,27.0,93.3,0.1,0.0,3.1,0
금민철,KT,07월 06일,1.5,0.0,3.818,2.3,0.7587,1.284,0.0,1.9,0.0,3.9,1.0,0.0,0.7,6.0,0.0,0.0,6.42,2.1,1.0,22.8,0.2622,25.2,95.4,0.0,0.0,0.9,6
금민철,KT,07월 12일,1.8,0.0,8.61,1.15,1.0681,2.063,0.0,1.9,0.0,1.9,1.0,0.0,0.2,9.0,0.0,0.0,5.5,4.9,1.0,22.6,0.4004,25.4,82.4,0.0,0.0,1.1,1
김광현,SK,04월 15일,1.4,0.0,12.6,1.331,1.213,2.611,0.0,2.6,0.0,2.3,1.0,0.0,0.3,5.8,0.0,0.0,3.6,4.2,1.0,15.8,0.3781,18.4,70.6,0.7,0.0,1.4,0
김광현,SK,04월 21일,0.4,0.0,3.6,1.485,0.7983,1.711,0.0,2.9,0.0,4.2,1.0,0.0,0.8,5.9,0.0,0.0,5.44,1.2,1.0,20.1,0.3022,23.0,85.6,0.2,0.0,0.4,3
김광현,SK,04월 27일,0.2,0.0,4.95,2.467,0.7981,1.303,0.0,2.3,0.0,5.3,1.0,0.0,0.2,4.7,0.0,0.0,5.74,2.7,1.0,20.6,0.235,22.9,84.7,0.1,0.0,1.6,2
김광현,SK,05월 13일,0.0,0.0,3.42,4.267,0.6433,1.315,0.0,1.4,0.0,5.2,1.0,0.0,0.8,5.6,0.0,0.0,5.32,2.0,1.0,20.4,0.2755,22.5,94.8,0.0,0.0,0.4,0
김광현,SK,05월 19일,0.0,0.0,1.17,nan,0.4304,0.8,0.0,0.4,0.0,5.1,1.0,0.0,0.9,3.7,0.0,0.0,5.1,0.7,1.0,18.7,0.196,19.3,68.7,0.0,0.0,0.2,2
김광현,SK,05월 25일,2.1,0.0,2.25,nan,0.5141,0.89,0.0,0.8,0.0,4.3,1.0,0.0,0.3,4.7,0.0,0.0,5.84,1.6,1.0,23.1,0.2034,24.7,90.0,0.7,0.0,0.0,1
김광현,SK,05월 31일,0.6,0.0,1.331,nan,0.4193,0.59,0.0,0.9,0.0,5.5,1.0,0.0,0.8,3.4,0.0,0.0,7.34,1.1,1.0,24.3,0.1407,25.4,89.8,0.2,0.0,0.7,2
김광현,SK,06월 06일,1.7,0.7,2.596,6.5,0.7121,1.24,0.0,1.0,0.0,6.5,1.0,0.0,0.2,6.7,0.0,0.0,6.42,1.8,1.0,25.0,0.268,26.1,94.7,0.1,0.0,0.2,2
김광현,SK,06월 12일,1.1,0.2,3.233,nan,0.7044,1.33,0.0,0.3,0.0,4.1,1.0,0.0,0.8,6.8,0.0,0.0,5.5,1.9,1.0,22.2,0.3091,22.5,87.7,0.0,0.0,0.1,0
김광현,SK,07월 05일,0.4,0.1,1.02,nan,0.3794,0.605,0.0,0.1,0.7,2.7,1.0,0.0,0.2,2.9,0.0,0.0,4.4,0.6,1.0,15.8,0.1525,16.6,68.5,0.0,0.0,0.0,3
김광현,SK,07월 11일,1.5,0.0,5.085,nan,0.7328,1.065,0.0,0.0,0.2,4.9,1.0,0.0,0.1,4.4,0.0,0.0,4.1,2.3,1.0,16.6,0.2545,16.8,70.9,0.7,0.0,0.7,3
김대우,삼성,04월 25일,1.0,0.0,1.02,1.317,0.6366,1.246,0.0,1.9,0.1,2.5,1.0,0.0,0.9,6.3,0.0,0.0,6.5,0.6,1.0,23.5,0.2627,25.6,94.4,0.0,0.0,0.1,3
김대우,삼성,05월 01일,2.4,0.0,3.902,1.45,0.6737,1.255,0.0,1.9,0.7,2.8,1.0,0.0,0.3,5.2,0.0,0.0,5.47,2.3,1.0,21.5,0.2393,24.1,91.1,0.7,0.0,0.0,11
김대우,삼성,05월 13일,2.8,0.7,18.337,0.681,1.312,3.016,0.0,2.7,0.2,1.6,1.0,0.0,0.1,10.1,0.0,0.0,4.52,8.3,1.0,22.8,0.441,25.7,101.0,0.9,0.0,1.4,3
김대우,삼성,06월 14일,1.6,0.2,11.756,0.566,1.1323,2.05,0.0,2.2,0.8,1.2,1.0,0.0,0.0,5.0,0.0,0.0,3.41,4.6,1.0,14.4,0.3193,17.4,74.0,0.3,0.0,1.1,9
김대현,LG,04월 17일,0.0,0.0,1.177,3.45,0.4463,0.627,0.0,1.1,1.2,3.7,1.0,0.0,0.7,2.6,0.0,0.0,6.34,0.7,1.0,18.5,0.1429,21.0,85.4,0.1,0.0,0.4,4
김대현,LG,04월 22일,0.0,0.0,5.873,1.7,0.7223,1.973,0.0,3.1,0.3,3.8,1.0,0.0,0.2,6.4,0.0,0.0,4.86,3.1,1.0,21.0,0.298,24.5,101.2,0.0,0.0,0.2,3
김대현,LG,04월 28일,0.0,0.0,5.322,2.7,0.8183,1.817,0.0,1.6,0.1,3.3,1.0,0.0,0.1,7.4,0.0,0.0,5.04,2.9,1.0,21.7,0.3381,23.4,102.8,0.0,0.0,0.7,3
김대현,LG,05월 04일,0.0,0.7,4.217,1.05,0.8018,1.8,0.0,3.4,1.4,2.4,1.0,0.0,0.7,5.9,0.0,0.0,4.99,2.4,1.0,20.6,0.2842,25.4,105.0,0.0,0.0,0.2,5
김대현,LG,05월 10일,3.5,0.2,6.466,1.8,0.8499,1.568,0.0,1.6,0.4,2.1,1.0,0.0,0.2,7.4,0.0,0.0,5.72,4.2,1.0,23.7,0.3104,25.7,96.4,0.0,0.0,0.1,3
김대현,LG,05월 18일,1.7,0.1,5.618,0.975,0.772,1.449,0.0,3.4,0.2,2.7,1.0,0.0,0.1,4.2,0.0,0.0,5.21,3.3,1.0,18.9,0.2129,22.5,96.3,0.7,0.0,0.7,3
김대현,LG,05월 25일,0.7,0.0,3.93,2.45,0.7382,1.13,0.0,1.6,0.7,2.9,1.0,0.0,0.0,4.9,0.0,0.0,5.8,2.5,1.0,19.9,0.2424,22.2,95.7,0.2,0.0,0.9,7
김대현,LG,05월 31일,2.2,0.0,11.318,nan,0.9181,1.796,0.0,0.6,0.2,3.7,1.0,0.0,0.0,7.6,0.0,0.0,4.57,5.6,1.0,20.4,0.368,21.2,89.7,0.8,0.0,0.3,6
김대현,LG,07월 07일,0.6,0.7,22.108,nan,1.4919,3.666,0.0,2.2,0.1,1.8,1.0,0.0,0.0,6.5,0.0,0.0,2.82,5.8,1.0,13.2,0.5308,16.2,71.1,0.2,0.0,0.8,6
김민우,한화,05월 23일,1.5,0.0,5.046,nan,0.8434,1.59,0.0,1.5,0.1,2.9,1.0,0.0,0.7,5.7,0.0,0.0,4.95,2.6,1.0,20.7,0.2929,22.3,84.2,0.2,0.0,0.9,3
김민우,한화,05월 29일,1.3,0.0,5.853,2.425,0.9476,1.627,0.0,2.0,0.0,4.4,1.0,0.0,0.2,6.0,0.0,0.0,5.02,3.1,1.0,21.1,0.2877,23.1,93.5,0.1,0.0,1.7,1
김민우,한화,06월 03일,0.3,0.0,2.43,3.6,0.6383,1.018,0.0,1.2,0.0,4.1,1.0,0.0,0.8,4.6,0.0,0.0,5.8,1.5,1.0,22.0,0.2096,23.2,88.9,0.0,0.0,1.2,3
김민우,한화,06월 09일,0.1,0.0,3.206,3.15,0.6505,1.376,0.0,1.1,0.0,3.4,1.0,0.0,0.2,6.3,0.0,0.0,5.27,1.9,1.0,22.6,0.2778,23.7,88.5,0.7,0.0,0.4,1
김민우,한화,06월 15일,0.0,0.0,1.876,2.75,0.4836,1.083,0.0,1.7,0.0,4.5,1.0,0.0,0.1,4.6,0.0,0.0,5.82,1.2,1.0,22.2,0.2064,23.9,99.1,0.2,0.0,0.1,9
김민우,한화,06월 21일,1.4,0.0,14.813,1.5,1.1512,2.8,0.0,1.9,0.0,2.7,1.0,0.0,0.0,9.9,0.0,0.0,4.51,6.7,1.0,22.8,0.4322,24.7,86.3,0.8,0.0,1.4,6
김민우,한화,06월 27일,1.1,0.0,9.758,1.15,1.0593,2.284,0.0,2.0,1.4,2.3,1.0,0.0,0.0,9.8,0.0,0.0,5.04,5.4,1.0,24.3,0.4026,27.7,95.9,0.2,0.0,1.1,0
김민우,한화,07월 03일,1.1,0.0,3.613,3.8,0.6666,1.271,0.0,1.3,1.8,4.1,1.0,0.0,0.7,6.0,0.0,0.0,6.34,1.9,1.0,24.8,0.2442,27.9,102.1,0.1,0.0,0.4,8
김민우,한화,07월 08일,1.7,0.0,9.516,2.5,1.0686,2.293,0.0,1.1,0.6,2.6,1.0,0.0,0.2,9.5,0.0,0.0,4.79,4.7,1.0,22.9,0.422,25.3,82.9,0.7,0.0,0.8,2
김원중,롯데,04월 18일,0.4,0.0,9.36,1.031,0.9124,2.24,0.0,4.5,0.1,4.9,1.0,0.0,0.0,3.7,0.0,0.0,4.4,3.1,1.0,15.4,0.2593,20.2,89.8,0.2,0.0,1.0,5
김원중,롯데,04월 24일,1.6,0.0,13.32,3.773,1.4029,2.92,0.0,2.0,0.0,4.8,1.0,0.0,0.0,7.6,0.0,0.0,3.37,4.6,1.0,16.3,0.4662,18.4,83.1,0.1,0.0,1.7,5
김원중,롯데,04월 29일,1.1,0.0,8.31,3.451,0.944,1.691,0.0,2.8,0.0,8.6,1.0,0.0,0.7,5.6,0.0,0.0,5.32,4.7,1.0,21.8,0.2702,24.6,99.5,0.0,0.0,1.9,2
김원중,롯데,05월 05일,1.8,0.0,6.0,2.335,1.0701,2.491,0.0,2.8,0.0,6.0,1.0,0.0,0.2,7.5,0.0,0.0,4.31,2.9,1.0,19.1,0.4053,21.9,92.2,0.0,0.0,0.6,1
김원중,롯데,05월 13일,1.9,0.0,2.7,3.817,0.7224,1.502,0.0,2.3,0.0,8.3,1.0,0.0,0.1,5.6,0.0,0.0,5.6,1.6,1.0,21.4,0.2685,24.4,95.0,0.0,0.0,0.2,1
김원중,롯데,05월 19일,0.6,0.0,1.863,2.467,0.6632,1.251,0.0,2.8,0.0,6.5,1.0,0.0,0.7,3.9,0.0,0.0,5.24,1.1,1.0,18.8,0.2067,21.8,95.2,0.0,0.0,0.7,2
김원중,롯데,05월 25일,0.9,0.0,2.568,2.6,0.6776,1.379,0.0,2.2,0.7,5.6,1.0,0.0,0.9,6.0,0.0,0.0,5.84,1.7,1.0,22.6,0.2605,25.6,100.8,0.0,0.0,0.2,7
김원중,롯데,05월 31일,0.9,0.7,12.785,1.75,1.3724,2.506,0.7,2.1,1.6,3.7,1.0,0.0,0.3,8.0,0.0,0.0,3.96,5.4,1.0,19.9,0.4069,23.6,92.5,0.7,0.0,2.2,5
김원중,롯데,06월 06일,1.0,0.2,14.236,1.075,1.3237,2.85,0.2,3.4,0.5,3.2,1.0,0.0,0.1,6.0,0.0,0.0,3.34,5.1,1.0,14.6,0.4159,18.5,68.0,0.2,0.0,1.3,2
김원중,롯데,06월 13일,1.7,0.1,7.238,1.0,0.9792,2.16,0.1,3.8,0.9,3.7,1.0,0.0,0.7,5.4,0.0,0.0,4.42,3.1,1.0,17.6,0.3149,22.3,81.9,0.1,0.0,0.5,4
김원중,롯데,06월 19일,1.2,0.0,6.42,2.025,0.7181,1.36,0.0,2.6,0.2,4.6,1.0,0.0,0.2,4.3,0.0,0.0,5.5,3.7,1.0,20.4,0.2217,23.2,90.5,0.0,0.0,0.8,6
김원중,롯데,06월 24일,1.1,0.0,8.231,2.35,0.8208,1.619,0.0,2.2,0.1,4.9,1.0,0.0,0.1,6.9,0.0,0.0,5.34,5.2,1.0,23.1,0.2958,25.4,100.1,0.0,0.0,0.9,2
김원중,롯데,06월 30일,0.3,0.0,3.5,6.35,0.552,1.119,0.0,1.3,0.0,7.1,1.0,0.0,0.0,5.5,0.0,0.0,5.91,2.3,1.0,23.8,0.2304,25.1,100.9,0.0,0.0,0.3,2
김원중,롯데,07월 06일,0.8,0.0,3.757,3.95,0.6324,1.347,0.0,1.8,0.0,6.3,1.0,0.0,0.0,5.3,0.0,0.0,5.24,2.2,1.0,20.5,0.259,22.3,97.7,0.0,0.0,0.1,5
김원중,롯데,07월 12일,0.2,0.7,14.365,1.925,1.121,3.378,0.0,3.3,0.0,4.1,1.0,0.0,0.0,5.7,0.0,0.0,3.08,4.0,1.0,13.9,0.4556,18.6,76.2,0.0,0.0,0.0,5
김재영,한화,04월 21일,1.8,0.2,6.978,0.8,0.9805,1.768,0.0,1.8,0.0,1.6,1.0,0.0,0.7,7.2,0.0,0.0,5.11,3.9,1.0,20.9,0.3449,23.4,89.2,0.1,0.0,0.9,2
김재영,한화,04월 28일,0.5,0.1,4.256,2.3,0.6063,1.168,0.0,1.2,0.0,2.5,1.0,0.0,0.2,5.0,0.0,0.0,5.17,2.5,1.0,19.7,0.251,21.1,82.5,0.0,0.0,0.2,1
김재영,한화,05월 04일,0.9,0.0,1.396,2.45,0.5564,1.145,0.0,1.8,0.0,4.3,1.0,0.0,0.8,5.0,0.0,0.0,5.79,0.8,1.0,22.6,0.2228,24.5,95.9,0.0,0.0,0.1,6
김재영,한화,05월 10일,2.3,0.0,7.212,2.2,1.069,2.227,0.0,1.2,0.7,2.7,1.0,0.0,0.2,7.7,0.0,0.0,3.97,3.0,1.0,20.0,0.3945,21.9,84.9,0.0,0.0,0.7,1
김재영,한화,05월 16일,0.7,0.0,3.077,nan,0.752,1.273,0.0,0.4,0.9,3.0,1.0,0.0,0.8,5.8,0.0,0.0,4.89,1.5,1.0,21.6,0.2745,22.9,85.8,0.0,0.0,0.9,4
김재영,한화,05월 22일,1.7,0.0,6.697,nan,0.9493,1.646,0.0,2.2,1.7,3.6,1.0,0.0,0.2,5.4,0.0,0.0,4.3,3.4,1.0,18.9,0.2874,22.8,100.0,0.0,0.0,1.0,3
김재영,한화,05월 27일,1.8,0.0,4.536,nan,0.6756,1.27,0.0,2.0,0.5,4.6,1.0,0.0,0.1,5.7,0.0,0.0,5.7,3.0,1.0,24.0,0.24,26.5,95.0,0.0,0.0,0.3,2
김재영,한화,06월 02일,1.3,0.0,4.283,0.983,0.8021,1.762,0.0,2.1,0.9,2.1,1.0,0.0,0.0,6.6,0.0,0.0,4.6,2.4,1.0,21.0,0.319,24.0,81.8,0.0,0.0,0.1,1
김재영,한화,06월 08일,1.1,0.0,2.227,0.581,0.8878,1.787,0.0,2.7,0.2,1.4,1.0,0.0,0.0,7.6,0.0,0.0,5.66,1.4,1.0,22.7,0.3367,25.6,99.9,0.0,0.0,0.7,5
김재영,한화,06월 14일,1.7,0.0,6.244,1.516,0.9256,1.546,0.0,1.5,0.8,1.7,1.0,0.0,0.7,7.2,0.0,0.0,5.26,3.9,1.0,24.1,0.3006,26.4,97.7,0.0,0.0,1.6,2
김재영,한화,06월 20일,1.9,0.0,3.726,1.133,0.7424,1.13,0.0,1.9,0.2,1.9,1.0,0.0,0.9,5.0,0.0,0.0,5.91,2.5,1.0,22.7,0.2182,24.8,83.6,0.0,0.0,1.2,7
김재영,한화,06월 26일,2.0,0.0,9.629,3.2,0.9027,1.647,0.0,1.2,0.1,3.4,1.0,0.0,1.0,7.8,0.0,0.0,5.31,5.8,1.0,23.7,0.3269,25.7,85.2,0.0,0.0,1.1,7
김재영,한화,07월 07일,2.0,0.0,11.466,1.25,1.0764,2.011,0.0,1.8,0.7,1.7,1.0,0.0,0.3,8.5,0.0,0.0,5.13,6.5,1.0,21.7,0.3935,25.1,93.4,0.7,0.0,1.0,1
김태훈,SK,05월 09일,1.5,0.0,19.544,1.95,1.2688,3.678,0.0,1.8,0.2,3.1,1.0,0.0,0.1,5.6,0.0,0.0,2.56,3.9,1.0,13.7,0.4537,16.4,64.9,0.7,0.0,0.7,0
노경은,롯데,05월 11일,2.2,0.0,4.38,nan,0.7693,1.634,0.0,2.3,0.0,2.2,1.0,0.0,0.0,6.1,0.0,0.0,5.2,2.5,1.0,21.4,0.2849,23.7,95.6,0.7,0.0,0.2,0
노경은,롯데,05월 18일,0.6,0.0,1.38,nan,0.4703,0.946,0.0,1.3,0.0,5.5,1.0,0.0,0.7,4.0,0.0,0.0,5.8,0.8,1.0,20.6,0.1914,21.9,94.7,0.2,0.0,0.1,3
노경은,롯데,05월 24일,1.0,0.7,3.69,3.567,0.5672,1.014,0.0,1.2,0.0,3.7,1.0,0.0,0.2,4.7,0.0,0.0,5.9,2.4,1.0,22.2,0.2105,23.4,100.9,0.8,0.0,0.0,5
노경은,롯데,05월 30일,0.9,0.2,8.166,2.7,0.8922,1.884,0.0,1.7,0.0,4.1,1.0,0.0,0.1,6.9,0.0,0.0,4.67,4.1,1.0,20.6,0.3384,22.3,94.4,0.9,0.0,0.7,7
노경은,롯데,06월 05일,2.4,0.1,9.876,1.75,0.9477,2.081,0.7,1.9,0.0,3.2,1.0,0.0,0.0,9.8,0.0,0.0,5.62,6.2,1.0,25.2,0.3866,27.8,93.1,1.0,0.0,0.2,2
노경은,롯데,06월 12일,1.4,0.0,4.041,3.3,0.6153,1.064,0.2,1.3,0.0,3.8,1.0,0.0,0.7,5.1,0.0,0.0,6.51,2.6,1.0,24.2,0.2089,25.7,89.2,0.3,0.0,0.8,3
노경은,롯데,06월 17일,0.5,0.0,4.29,2.0,0.6862,1.437,0.1,1.8,0.7,3.2,1.0,0.0,0.2,7.3,0.0,0.0,6.27,3.0,1.0,25.0,0.2897,27.6,97.5,0.8,0.0,0.2,4
노경은,롯데,06월 23일,0.1,0.0,4.131,7.0,0.7639,1.073,0.0,1.2,0.2,7.3,1.0,0.0,0.8,5.4,0.0,0.0,6.12,2.8,1.0,24.2,0.2221,25.6,100.4,0.2,0.0,2.2,6
니퍼트,KT,04월 29일,1.7,0.0,3.846,2.131,0.7951,1.625,0.0,2.6,0.2,4.7,1.0,0.0,0.1,6.1,0.0,0.0,5.52,2.1,1.0,23.0,0.2708,26.1,107.3,0.2,0.0,0.7,3
니퍼트,KT,05월 05일,1.9,0.0,3.914,nan,0.6391,1.215,0.0,0.8,0.1,5.7,1.0,0.0,0.7,6.9,0.0,0.0,6.58,2.8,1.0,27.2,0.2579,28.2,107.4,0.1,0.0,0.2,7
니퍼트,KT,05월 11일,2.0,0.7,8.446,nan,0.8573,1.865,0.0,1.0,0.0,5.1,1.0,0.0,0.2,8.9,0.0,0.0,5.52,4.9,1.0,25.7,0.349,27.4,94.8,0.7,0.0,0.0,6
니퍼트,KT,05월 17일,2.0,0.2,7.925,nan,0.8832,1.537,0.0,0.2,0.7,6.5,1.0,0.0,0.1,9.7,0.0,0.0,6.61,5.7,1.0,27.5,0.354,29.3,106.2,0.9,0.0,0.7,4
니퍼트,KT,05월 23일,2.0,0.1,5.772,nan,0.8079,1.556,0.0,0.1,0.2,5.4,1.0,0.0,0.0,9.3,0.0,0.0,6.1,3.9,1.0,26.3,0.3536,27.6,96.9,1.0,0.0,0.2,5
니퍼트,KT,05월 29일,1.3,0.0,7.971,nan,0.9582,2.263,0.0,2.1,0.1,4.5,1.0,0.0,0.0,9.8,0.0,0.0,5.4,4.7,1.0,25.5,0.3849,28.0,105.5,0.3,0.0,0.8,3
니퍼트,KT,06월 03일,0.4,0.0,4.35,nan,0.8187,1.489,0.0,1.3,0.0,2.0,1.0,0.0,0.7,7.1,0.0,0.0,5.8,2.7,1.0,24.4,0.2896,26.5,94.0,0.1,0.0,1.6,2
니퍼트,KT,06월 09일,1.5,0.0,3.299,3.133,0.8421,1.495,0.0,2.6,0.0,9.0,1.0,0.0,0.9,7.1,0.0,0.0,6.6,2.3,1.0,24.8,0.286,28.3,99.5,0.0,0.0,1.2,1
니퍼트,KT,06월 15일,0.4,0.0,1.717,nan,0.5677,1.005,0.0,0.7,0.0,8.1,1.0,0.0,1.0,6.2,0.0,0.0,6.9,1.3,1.0,25.6,0.2427,26.6,102.0,0.0,0.0,0.4,3
니퍼트,KT,06월 21일,0.9,0.7,3.665,nan,0.9069,1.715,0.0,1.7,0.0,6.3,1.0,0.0,0.3,8.9,0.0,0.0,6.3,2.5,1.0,25.9,0.3437,27.7,108.6,0.0,0.0,0.8,2
니퍼트,KT,06월 29일,0.9,0.2,2.828,nan,0.724,1.284,0.0,2.5,0.7,9.5,1.0,0.0,0.1,6.1,0.0,0.0,6.8,2.1,1.0,25.3,0.2401,28.5,117.3,0.0,0.0,0.9,2
니퍼트,KT,07월 05일,1.7,0.1,2.763,2.734,0.6311,1.128,0.0,2.2,0.2,6.2,1.0,0.0,0.7,5.5,0.0,0.0,6.9,2.1,1.0,24.4,0.2241,26.8,110.9,0.0,0.0,0.3,2
니퍼트,KT,07월 11일,1.2,0.0,2.871,nan,0.5614,0.783,0.0,0.7,0.1,7.7,1.0,0.0,0.2,4.3,0.0,0.0,6.3,2.0,1.0,22.7,0.189,23.5,110.0,0.0,0.0,0.8,3
듀브론트,롯데,04월 12일,0.8,0.0,18.941,0.333,1.0656,2.609,0.0,3.8,0.0,0.8,1.0,0.0,0.0,4.3,0.0,0.0,3.14,6.3,1.0,14.0,0.3276,18.6,77.7,0.9,0.0,0.9,4
듀브론트,롯데,04월 19일,0.9,0.0,9.256,1.781,0.9039,1.977,0.0,3.1,0.0,5.2,1.0,0.0,0.0,5.5,0.0,0.0,4.54,4.0,1.0,19.2,0.2947,22.5,91.2,1.0,0.0,1.0,4
듀브론트,롯데,04월 25일,1.7,0.0,6.593,1.306,0.9523,2.291,0.0,4.5,0.7,5.6,1.0,0.0,0.0,7.9,0.0,0.0,5.42,3.4,1.0,22.1,0.3561,28.8,113.1,1.0,0.0,0.3,2
듀브론트,롯데,05월 01일,1.9,0.0,3.96,1.642,0.8279,1.626,0.0,3.4,0.2,5.4,1.0,0.0,0.0,5.2,0.0,0.0,5.2,2.3,1.0,20.2,0.2513,24.2,99.6,0.3,0.0,0.8,0
듀브론트,롯데,05월 08일,2.0,0.0,1.17,3.954,0.7405,1.213,0.0,1.8,0.8,5.1,1.0,0.0,0.7,5.9,0.0,0.0,6.5,0.7,1.0,21.6,0.2708,25.1,98.9,0.1,0.0,0.2,2
듀브론트,롯데,05월 15일,2.7,0.0,2.46,3.267,0.6484,1.04,0.0,1.2,0.2,3.6,1.0,0.0,0.9,5.1,0.0,0.0,6.1,1.6,1.0,21.7,0.2346,24.0,99.4,0.0,0.0,0.1,3
듀브론트,롯데,05월 22일,2.2,0.0,3.75,3.2,0.7182,1.35,0.0,1.7,0.1,5.3,1.0,0.0,0.3,6.5,0.0,0.0,6.1,2.5,1.0,22.7,0.2855,25.5,100.6,0.0,0.0,0.0,0
듀브론트,롯데,05월 27일,1.4,0.0,1.2,2.65,0.6267,1.219,0.0,1.9,0.7,5.0,1.0,0.0,0.1,5.4,0.0,0.0,6.0,0.8,1.0,22.2,0.2424,25.1,100.3,0.0,0.0,0.0,4
듀브론트,롯데,06월 02일,1.8,0.0,4.048,2.9,0.6998,1.287,0.0,2.7,0.2,7.9,1.0,0.0,0.7,5.9,0.0,0.0,6.7,3.1,1.0,24.9,0.2375,28.6,109.2,0.0,0.0,0.7,2
듀브론트,롯데,06월 08일,1.9,0.0,2.603,6.45,0.6078,1.075,0.7,1.5,0.1,7.9,1.0,0.0,0.2,6.6,0.0,0.0,7.6,2.2,1.0,27.7,0.2376,30.9,107.5,0.0,0.0,0.2,1
듀브론트,롯데,06월 14일,0.6,0.0,1.783,4.0,0.6203,1.148,0.2,1.2,0.0,4.6,1.0,0.0,0.8,7.6,0.0,0.0,7.34,1.5,1.0,27.3,0.2785,29.0,97.1,0.0,0.0,0.1,3
듀브론트,롯데,06월 20일,0.2,0.0,4.239,2.45,0.7245,1.454,0.1,1.7,0.0,3.5,1.0,0.0,0.2,6.5,0.0,0.0,5.74,2.5,1.0,23.0,0.2835,24.9,98.4,0.0,0.0,0.7,2
듀브론트,롯데,07월 05일,0.0,0.7,2.247,2.7,0.6846,1.368,0.0,1.9,0.0,5.1,1.0,0.0,0.8,6.2,0.0,0.0,5.92,1.4,1.0,23.0,0.2695,24.9,100.4,0.0,0.0,0.2,6
듀브론트,롯데,07월 11일,0.7,0.2,8.4,4.25,0.8671,1.686,0.0,1.3,0.0,5.0,1.0,0.0,0.2,7.4,0.0,0.0,5.2,4.7,1.0,22.1,0.3356,23.4,100.3,0.7,0.0,0.8,3
레일리,롯데,04월 17일,1.9,0.0,1.873,nan,0.5743,1.068,0.0,2.3,0.2,5.9,1.0,0.0,0.0,5.4,0.0,0.0,6.94,1.4,1.0,25.4,0.214,28.9,103.2,0.1,0.0,0.0,6
레일리,롯데,04월 22일,1.2,0.0,6.791,nan,0.7593,1.568,0.0,2.7,0.0,5.9,1.0,0.0,0.0,5.9,0.0,0.0,5.64,3.9,1.0,22.6,0.2645,26.3,96.3,0.7,0.0,0.7,6
레일리,롯데,04월 28일,3.2,0.0,14.517,1.531,1.2271,3.033,0.0,3.0,0.0,4.6,1.0,0.0,0.0,7.3,0.0,0.0,3.82,5.3,1.0,18.7,0.4061,22.7,89.8,0.9,0.0,0.9,4
레일리,롯데,05월 03일,1.6,0.0,8.7,2.216,0.8335,1.733,0.0,2.3,1.4,4.9,1.0,0.0,0.0,5.7,0.0,0.0,5.3,4.5,1.0,19.5,0.2978,24.9,99.5,1.0,0.0,0.3,3
레일리,롯데,05월 10일,0.6,0.0,4.799,6.233,0.7015,1.301,0.0,1.4,1.1,7.0,1.0,0.0,0.0,6.0,0.0,0.0,6.4,2.8,1.0,24.6,0.2525,27.6,99.5,0.3,0.0,0.8,2
레일리,롯데,05월 17일,0.8,0.0,2.059,3.6,0.6638,1.367,0.0,1.8,0.4,5.6,1.0,0.0,0.7,7.3,0.0,0.0,6.34,1.5,1.0,25.6,0.285,30.1,108.8,0.1,0.0,0.2,0
레일리,롯데,05월 23일,0.2,0.0,0.527,2.35,0.6267,1.45,0.0,3.3,0.8,6.0,1.0,0.0,0.9,5.0,0.0,0.0,5.51,0.4,1.0,20.5,0.2392,25.9,106.6,0.0,0.0,0.1,6
레일리,롯데,05월 29일,2.2,0.0,7.695,3.35,1.105,1.99,0.0,1.7,0.9,4.5,1.0,0.0,0.3,8.6,0.0,0.0,5.14,4.3,1.0,22.3,0.3797,26.1,117.8,0.7,0.0,1.4,2
레일리,롯데,06월 03일,1.3,0.0,4.05,5.15,0.8259,1.43,0.0,1.3,0.3,5.6,1.0,0.0,0.1,7.3,0.0,0.0,5.85,2.6,1.0,24.6,0.2975,26.5,98.7,0.2,0.0,1.1,0
레일리,롯데,06월 16일,0.5,0.0,1.62,nan,0.4984,0.859,0.0,0.3,0.1,5.8,1.0,0.0,0.7,5.2,0.0,0.0,6.64,1.0,1.0,25.0,0.2093,25.5,104.6,0.1,0.0,0.4,1
레일리,롯데,06월 22일,0.1,0.0,1.173,nan,0.4565,0.633,0.0,0.1,0.0,5.3,1.0,0.0,0.9,4.3,0.0,0.0,6.92,0.9,1.0,24.4,0.1758,24.5,98.2,0.0,0.0,0.8,2
레일리,롯데,06월 28일,0.0,0.0,1.973,nan,0.5618,0.843,0.0,2.1,0.7,3.7,1.0,0.0,0.3,4.0,0.0,0.0,7.07,1.6,1.0,22.7,0.1768,25.5,100.0,0.7,0.0,0.9,5
레일리,롯데,07월 04일,2.1,0.0,11.119,nan,1.0061,2.58,0.0,4.1,0.2,1.8,1.0,0.0,0.1,4.7,0.0,0.0,4.22,4.0,1.0,15.2,0.345,20.9,87.8,0.2,0.0,0.3,5
레일리,롯데,07월 10일,1.3,0.0,7.69,1.54,0.9053,2.12,0.0,2.7,0.8,3.3,1.0,0.0,0.0,7.7,0.0,0.0,4.95,4.0,1.0,20.7,0.3753,26.0,94.5,0.8,0.0,0.1,6
로저스,넥센,04월 11일,0.7,0.3,3.775,nan,0.6834,1.036,0.0,0.8,0.2,5.5,1.0,0.0,0.1,6.2,0.0,0.0,6.74,2.8,1.0,25.7,0.2388,27.4,97.7,0.0,0.0,1.1,5
로저스,넥센,04월 17일,0.9,0.1,8.633,nan,0.8658,1.931,0.0,1.6,0.8,4.5,1.0,0.0,0.0,7.5,0.0,0.0,4.88,4.5,1.0,21.1,0.3668,25.1,88.1,0.7,0.0,0.4,2
로저스,넥센,04월 22일,1.0,0.0,4.132,3.7,0.5885,1.15,0.0,1.2,0.2,4.1,1.0,0.0,0.0,5.6,0.0,0.0,6.42,2.6,1.0,23.1,0.2498,25.7,104.1,0.2,0.0,0.1,1
로저스,넥센,04월 28일,1.0,0.0,2.252,nan,0.4481,0.795,0.0,0.4,0.1,6.8,1.0,0.0,0.7,5.3,0.0,0.7,8.11,1.6,1.0,27.7,0.2006,28.6,100.6,0.1,0.0,0.0,3
로저스,넥센,05월 04일,0.3,0.0,0.457,nan,0.4906,0.996,0.0,0.8,0.0,6.2,1.0,0.0,0.2,6.4,0.0,0.2,7.4,0.4,1.0,28.0,0.2292,28.9,105.3,0.0,0.0,0.0,0
로저스,넥센,05월 10일,0.1,0.0,0.1,nan,0.5556,1.187,0.0,1.6,0.0,9.0,1.0,0.0,0.8,6.8,0.0,0.1,7.2,0.1,1.0,26.8,0.255,28.4,107.5,0.0,0.0,0.0,3
로저스,넥센,05월 17일,0.7,0.7,2.1,3.35,0.8071,1.653,0.0,1.9,0.7,6.1,1.0,0.0,0.2,8.4,0.0,0.0,6.3,1.4,1.0,25.5,0.3308,28.1,112.9,0.7,0.0,0.0,2
로저스,넥센,05월 23일,0.2,0.2,2.399,3.45,0.5923,1.097,0.0,2.0,0.2,6.9,1.0,0.0,0.8,5.3,0.0,0.0,6.8,1.8,1.0,25.1,0.2109,27.3,109.5,0.2,0.0,0.7,5
로저스,넥센,05월 29일,0.8,0.1,6.064,1.65,0.969,1.636,0.0,2.0,0.8,3.3,1.0,0.0,0.2,8.0,0.0,0.0,6.2,4.1,1.0,24.3,0.3305,27.1,104.5,0.8,0.0,1.6,5
로저스,넥센,06월 03일,0.2,0.0,6.258,1.25,0.7477,1.355,0.0,1.3,0.2,1.8,1.0,0.0,0.8,7.8,0.0,0.0,6.8,4.7,1.0,27.6,0.2842,29.1,101.9,0.2,0.0,1.2,3
린드블럼,두산,04월 13일,1.7,0.7,3.833,nan,0.7179,1.097,0.0,0.9,0.0,7.7,1.0,0.0,0.9,6.0,0.0,0.0,6.51,2.7,1.0,25.9,0.2373,26.9,104.8,0.1,0.0,0.9,0
린드블럼,두산,04월 19일,0.4,0.2,0.922,nan,0.3319,0.549,0.0,0.9,0.0,8.6,1.0,0.0,1.0,3.1,0.0,0.0,7.6,0.7,1.0,26.0,0.1194,26.9,101.4,0.0,0.0,0.3,2
린드블럼,두산,04월 25일,1.6,0.1,2.185,5.15,0.559,1.079,0.0,1.7,0.0,7.6,1.0,0.0,1.0,5.9,0.0,0.0,7.2,1.7,1.0,26.9,0.2181,28.6,112.1,0.0,0.0,0.1,3
린드블럼,두산,05월 01일,1.8,0.0,3.664,4.05,0.7587,1.115,0.0,1.9,0.7,7.2,1.0,0.0,0.3,5.1,0.0,0.0,6.4,2.5,1.0,24.1,0.2114,26.7,107.4,0.0,0.0,1.4,2
린드블럼,두산,05월 06일,1.3,0.0,3.257,4.55,0.6695,1.063,0.0,1.3,0.2,5.6,1.0,0.0,0.8,5.2,0.0,0.0,6.1,2.2,1.0,24.1,0.2149,25.6,94.4,0.0,0.0,1.1,3
린드블럼,두산,05월 13일,1.8,0.0,4.2,4.15,0.6716,1.017,0.0,1.8,0.1,7.3,1.0,0.0,0.9,4.3,0.0,0.0,6.0,2.8,1.0,22.5,0.1907,24.4,93.3,0.0,0.0,1.1,2
린드블럼,두산,05월 20일,1.9,0.0,2.999,3.75,0.7533,1.0,0.0,1.9,1.4,7.0,1.0,0.0,0.3,4.8,0.0,0.0,6.7,2.2,1.0,25.0,0.1916,28.3,105.8,0.7,0.0,1.7,2
린드블럼,두산,05월 26일,1.3,0.7,2.763,7.4,0.6116,0.902,0.0,1.3,0.4,8.5,1.0,0.0,0.1,4.9,0.0,0.0,6.9,2.1,1.0,24.9,0.1966,27.3,107.3,0.2,0.0,0.5,1
린드블럼,두산,06월 01일,1.1,0.2,1.674,nan,0.5479,0.874,0.0,0.4,0.2,3.9,1.0,0.0,0.7,5.7,0.0,0.0,7.0,1.3,1.0,25.1,0.2272,26.6,97.9,0.1,0.0,0.2,2
린드블럼,두산,06월 07일,1.7,0.1,2.615,nan,0.5325,0.958,0.0,2.2,0.0,5.5,1.0,0.0,0.2,3.8,0.0,0.0,6.3,1.8,1.0,20.8,0.1786,24.0,101.5,0.0,0.0,0.0,0
린드블럼,두산,06월 13일,0.5,0.0,0.729,nan,0.4187,0.727,0.0,0.6,0.7,10.5,1.0,0.0,0.8,4.7,0.0,0.0,7.5,0.5,1.0,26.6,0.176,28.2,105.5,0.0,0.0,0.0,3
린드블럼,두산,06월 19일,0.2,0.0,3.002,nan,0.7265,1.325,0.0,2.4,0.2,7.4,1.0,0.0,0.2,6.9,0.0,0.0,7.1,2.3,1.0,27.3,0.2504,30.0,106.1,0.0,0.0,1.4,5
린드블럼,두산,06월 24일,2.1,0.0,5.749,nan,0.7381,1.259,0.0,1.3,1.5,6.0,1.0,0.0,0.1,7.0,0.0,0.0,6.47,4.1,1.0,26.0,0.2704,28.8,104.1,0.0,0.0,0.4,2
린드블럼,두산,06월 30일,1.3,0.0,2.991,5.4,0.6436,1.067,0.0,1.2,0.4,5.8,1.0,0.0,0.7,5.0,0.0,0.0,5.49,2.0,1.0,23.2,0.212,24.8,101.2,0.0,0.0,0.9,0
린드블럼,두산,07월 07일,0.5,0.0,1.049,nan,0.3921,0.664,0.0,0.3,0.2,5.9,1.0,0.0,0.9,3.6,0.0,0.0,5.83,0.7,1.0,21.6,0.1645,22.1,83.5,0.0,0.0,0.2,3
문승원,SK,04월 18일,1.0,0.0,3.918,nan,0.9021,1.258,0.0,0.8,0.2,3.2,1.0,0.0,0.0,7.2,0.0,0.0,6.42,2.8,1.0,24.7,0.2944,25.9,96.0,0.8,0.0,2.0,1
문승원,SK,04월 24일,1.0,0.0,2.013,nan,0.6586,1.078,0.0,0.9,0.1,5.1,1.0,0.0,0.7,6.4,0.0,0.0,6.81,1.5,1.0,24.9,0.2582,26.0,98.6,0.2,0.0,0.6,2
문승원,SK,04월 29일,1.7,0.0,3.164,7.1,0.7435,1.154,0.0,1.0,0.0,7.1,1.0,0.0,0.2,5.4,0.0,0.0,5.6,1.9,1.0,21.6,0.2499,22.6,93.7,0.1,0.0,0.9,6
문승원,SK,05월 05일,2.6,0.7,9.571,nan,1.0339,2.118,0.0,0.3,0.0,5.7,1.0,0.0,0.1,9.3,0.0,0.0,4.57,4.7,1.0,22.6,0.4086,23.6,89.8,0.7,0.0,0.2,0
문승원,SK,05월 11일,0.8,0.2,2.852,nan,0.5171,1.125,0.0,2.2,0.0,3.9,1.0,0.0,0.0,4.1,0.0,0.0,6.22,1.4,1.0,22.0,0.1843,24.4,95.3,0.2,0.0,0.1,5
문승원,SK,05월 24일,1.7,0.1,7.546,nan,0.9477,2.321,0.0,2.0,0.0,1.1,1.0,0.0,0.0,7.8,0.0,0.0,4.61,3.4,1.0,20.0,0.3978,22.1,80.2,0.1,0.0,0.0,1
문승원,SK,05월 30일,0.4,0.0,2.745,nan,0.5731,1.251,0.0,0.7,0.0,4.5,1.0,0.0,0.7,6.2,0.0,0.0,5.84,1.5,1.0,24.2,0.2656,24.9,96.0,0.0,0.0,0.0,8
문승원,SK,06월 05일,3.0,0.0,11.25,nan,0.972,1.855,0.0,1.6,0.0,3.3,1.0,0.0,0.2,7.7,0.0,0.0,5.14,6.2,1.0,22.5,0.3484,24.1,92.2,0.7,0.0,0.7,2
문승원,SK,06월 10일,0.8,0.0,4.66,nan,0.4949,0.945,0.0,1.1,0.0,5.4,1.0,0.0,0.8,5.0,0.0,0.0,6.66,3.1,1.0,25.9,0.1995,27.0,102.1,0.2,0.0,0.2,3
문승원,SK,06월 16일,1.1,0.0,5.69,2.75,0.9005,1.59,0.0,1.8,0.7,4.3,1.0,0.0,0.2,6.5,0.0,0.0,5.44,3.3,1.0,23.0,0.2886,25.5,91.1,0.1,0.0,1.5,3
문승원,SK,06월 22일,0.9,0.0,4.297,nan,0.781,0.978,0.0,0.5,0.2,4.9,1.0,0.0,0.1,5.3,0.0,0.0,5.99,2.9,1.0,22.5,0.2373,24.6,93.0,0.7,0.0,1.8,5
문승원,SK,07월 03일,0.3,0.7,8.14,nan,1.1353,2.137,0.0,2.3,0.1,2.8,1.0,0.0,0.0,8.0,0.0,0.0,4.66,4.4,1.0,22.0,0.3635,24.8,83.3,0.2,0.0,2.0,3
문승원,SK,07월 08일,1.5,0.2,4.58,nan,0.9264,1.58,0.0,1.3,0.0,5.8,1.0,0.0,0.7,7.2,0.0,0.0,5.09,2.7,1.0,22.7,0.3173,24.2,91.1,0.1,0.0,1.3,4
박세웅,롯데,06월 27일,1.0,0.2,5.22,nan,0.8443,1.87,0.0,1.5,0.3,4.7,1.0,0.0,0.0,7.1,0.0,0.0,4.7,2.6,1.0,19.9,0.3547,22.6,98.0,0.1,0.0,0.0,2
박세웅,롯데,07월 07일,2.4,0.1,4.14,nan,0.8911,1.715,0.0,2.7,0.1,5.0,1.0,0.0,0.0,5.6,0.0,0.0,4.9,2.2,1.0,19.9,0.2811,22.9,97.9,0.0,0.0,0.7,8
박세진,KT,04월 24일,0.9,0.0,10.255,2.031,1.1564,2.248,0.0,2.6,0.0,4.4,1.0,0.0,0.2,6.9,0.0,0.0,4.35,4.7,1.0,20.3,0.3412,22.9,90.3,0.7,0.0,2.4,5
박세진,KT,05월 18일,1.7,0.0,12.468,1.216,1.2844,3.04,0.0,2.9,0.7,3.4,1.0,0.0,0.1,6.3,0.0,0.0,2.86,4.2,1.0,16.0,0.403,19.6,82.6,0.9,0.0,1.4,4
박세진,KT,06월 13일,2.6,0.0,14.851,0.333,1.2229,3.051,0.0,2.3,0.2,1.0,1.0,0.0,0.0,5.5,0.0,0.0,2.31,4.2,1.0,13.2,0.4177,15.7,63.3,1.0,0.0,0.5,1
박세진,KT,06월 20일,0.8,0.0,6.011,0.8,1.0248,1.813,0.7,1.4,0.8,1.0,1.0,0.0,0.0,4.4,0.0,0.0,3.44,1.9,1.0,12.9,0.3419,15.1,46.8,0.3,0.0,0.8,9
박종훈,SK,04월 17일,1.2,0.0,1.965,3.3,0.6492,1.1,0.0,1.9,0.9,5.8,1.0,0.0,0.9,3.8,0.0,0.0,5.05,1.2,1.0,18.5,0.1985,21.5,99.5,0.1,0.0,0.6,4
박종훈,SK,04월 22일,1.0,0.0,5.516,1.5,0.7918,1.846,0.0,3.4,0.3,4.4,1.0,0.0,1.0,5.9,0.0,0.0,5.02,3.1,1.0,19.4,0.3004,23.2,95.5,0.0,0.0,0.2,3
박종훈,SK,04월 28일,1.7,0.0,5.22,3.3,0.7382,1.52,0.0,1.7,0.1,4.2,1.0,0.0,1.0,5.9,0.0,0.0,5.0,2.9,1.0,19.7,0.2977,21.5,84.2,0.0,0.0,0.0,4
박종훈,SK,05월 04일,1.9,0.7,4.32,nan,0.7791,1.34,0.0,0.6,0.7,3.3,1.0,0.0,0.3,6.1,0.0,0.0,5.0,2.4,1.0,20.7,0.2952,22.7,84.0,0.0,0.0,0.0,3
박종훈,SK,05월 10일,0.6,0.2,5.04,nan,0.779,1.78,0.0,2.2,0.2,3.1,1.0,0.0,0.1,6.7,0.0,0.0,5.0,2.8,1.0,20.2,0.3322,23.5,82.1,0.0,0.0,0.0,2
박종훈,SK,05월 18일,0.9,0.1,3.54,nan,0.6012,1.22,0.0,1.3,0.1,7.2,1.0,0.0,0.7,5.5,0.0,0.0,5.7,2.2,1.0,21.5,0.2575,23.9,86.4,0.0,0.0,0.0,4
박종훈,SK,05월 23일,2.3,0.0,6.18,3.3,0.8061,1.38,0.0,1.2,0.0,3.5,1.0,0.0,0.2,5.9,0.0,0.0,5.2,3.5,1.0,21.1,0.2806,22.6,81.8,0.7,0.0,0.7,1
박종훈,SK,06월 03일,0.7,0.0,3.0,2.0,0.6034,1.36,0.0,2.4,0.7,3.4,1.0,0.0,0.8,4.5,0.0,0.0,5.1,1.7,1.0,20.4,0.2199,23.6,99.0,0.2,0.0,0.2,6
박종훈,SK,06월 09일,3.1,0.0,8.64,nan,1.0125,1.68,0.0,0.7,0.2,2.2,1.0,0.0,0.2,7.7,0.0,0.0,5.0,4.8,1.0,22.9,0.3311,23.8,85.2,0.8,0.0,1.5,1
박종훈,SK,06월 15일,0.8,0.0,3.39,nan,0.6101,1.319,0.0,2.4,0.1,4.2,1.0,0.0,0.1,5.0,0.0,0.0,5.7,2.0,1.0,22.2,0.2224,24.7,91.0,0.2,0.0,0.4,5
박종훈,SK,06월 21일,0.4,0.0,6.105,nan,0.8692,1.597,0.0,1.3,0.0,3.3,1.0,0.0,0.0,7.3,0.0,0.0,5.27,3.6,1.0,23.6,0.307,24.9,85.9,0.8,0.0,1.6,1
박종훈,SK,06월 29일,0.7,0.0,2.76,1.467,0.6338,1.435,0.0,3.3,0.7,3.9,1.0,0.0,0.7,4.1,0.0,0.0,5.12,1.6,1.0,19.6,0.2017,23.6,98.3,0.2,0.0,0.4,1
박종훈,SK,07월 06일,1.6,0.0,1.938,nan,0.5002,0.848,0.0,0.9,0.2,5.3,1.0,0.0,0.9,4.2,0.0,0.0,6.41,1.3,1.0,22.8,0.1836,23.9,83.7,0.1,0.0,0.2,0
박종훈,SK,07월 12일,0.5,0.0,0.438,nan,0.3406,0.618,0.0,0.4,0.1,5.8,1.0,0.0,1.0,3.9,0.0,0.0,6.94,0.3,1.0,26.2,0.1502,26.7,101.5,0.0,0.0,0.0,3
배영수,한화,04월 20일,0.7,0.0,5.733,1.297,0.5915,1.485,0.0,2.9,0.7,3.8,1.0,0.0,0.7,4.0,0.0,0.0,4.86,2.5,1.0,19.4,0.2142,23.0,97.4,0.0,0.0,0.0,5
배영수,한화,04월 27일,1.0,0.7,10.353,1.33,1.0355,2.117,0.0,3.0,0.9,4.0,1.0,0.0,0.2,5.6,0.0,0.0,4.15,4.5,1.0,17.6,0.3242,21.5,87.4,0.7,0.0,0.7,3
배영수,한화,05월 03일,0.9,0.2,7.134,2.499,0.7328,1.431,0.0,1.6,1.0,3.3,1.0,0.0,0.1,4.3,0.0,0.0,4.12,3.2,1.0,16.6,0.2606,19.2,75.1,0.2,0.0,0.2,1
배영수,한화,05월 11일,1.0,0.1,3.735,3.533,0.6786,1.315,0.0,1.2,0.3,3.8,1.0,0.0,0.0,4.9,0.0,0.0,4.7,1.8,1.0,18.2,0.2694,19.7,75.2,0.1,0.0,0.1,2
배영수,한화,05월 18일,1.7,0.0,2.834,6.0,0.5952,0.862,0.0,1.0,0.8,6.0,1.0,0.0,0.0,4.2,0.0,0.0,6.3,1.9,1.0,22.9,0.1896,24.7,96.9,0.0,0.0,0.7,3
배영수,한화,05월 24일,1.2,0.7,3.599,6.7,0.8143,1.557,0.7,1.0,0.9,6.7,1.0,0.0,0.0,6.2,0.0,0.0,4.77,1.9,1.0,20.9,0.3033,22.8,85.0,0.0,0.0,0.2,6
배영수,한화,05월 30일,1.8,0.9,7.058,nan,0.9309,1.547,0.2,0.3,0.3,4.2,1.0,0.0,0.0,8.8,0.0,0.0,5.79,4.8,1.0,25.4,0.345,26.7,92.5,0.7,0.0,0.8,4
배영수,한화,06월 05일,1.2,0.3,7.161,nan,1.0219,1.341,0.1,0.1,0.1,4.1,1.0,0.0,0.7,6.9,0.0,0.0,5.13,4.2,1.0,22.1,0.3092,22.5,84.9,0.2,0.0,2.3,7
백정현,삼성,04월 24일,1.4,0.0,9.935,nan,1.3113,2.264,0.0,0.4,0.1,4.4,1.0,0.0,0.0,11.0,0.0,0.0,5.13,5.5,1.0,25.0,0.44,25.6,94.8,0.8,0.0,3.1,2
백정현,삼성,05월 17일,1.1,0.0,4.65,nan,0.7059,1.28,0.0,0.8,0.0,5.6,1.0,0.0,0.7,6.6,0.0,0.0,5.88,2.9,1.0,24.5,0.2656,25.3,101.4,0.2,0.0,0.9,3
백정현,삼성,05월 25일,2.5,0.0,4.81,nan,0.9925,1.78,0.0,0.9,0.0,5.8,1.0,0.0,0.2,10.0,0.0,0.0,5.99,3.2,1.0,26.3,0.3765,28.6,101.4,0.8,0.0,1.1,0
백정현,삼성,06월 01일,0.7,0.0,1.136,5.3,0.4895,0.916,0.0,1.0,0.0,5.3,1.0,0.0,0.8,5.5,0.0,0.0,7.43,0.8,1.0,26.7,0.2058,28.1,107.1,0.2,0.0,0.2,1
백정현,삼성,06월 07일,2.4,0.0,1.245,nan,0.496,0.771,0.0,0.3,0.0,4.4,1.0,0.0,0.9,5.4,0.0,0.0,7.25,1.0,1.0,27.7,0.1956,28.2,97.1,0.1,0.0,0.1,1
백정현,삼성,06월 21일,0.6,0.0,1.809,nan,0.6169,0.893,0.0,1.5,0.0,3.4,1.0,0.0,0.3,2.8,0.0,0.0,5.04,0.9,1.0,16.7,0.1675,18.2,78.5,0.0,0.0,0.7,4
백정현,삼성,06월 27일,2.4,0.0,3.717,nan,0.7244,1.196,0.0,1.1,0.0,4.5,1.0,0.0,0.1,5.8,0.0,0.0,5.72,2.4,1.0,21.3,0.2641,22.4,88.4,0.7,0.0,0.2,2
백정현,삼성,07월 04일,1.3,0.0,3.225,1.85,0.6186,1.185,0.0,1.8,0.0,2.7,1.0,0.0,0.0,5.1,0.0,0.0,5.8,2.1,1.0,21.2,0.2364,23.0,87.9,0.9,0.0,0.1,6
백정현,삼성,07월 10일,2.6,0.7,6.202,nan,0.9946,2.089,0.0,0.5,0.0,1.6,1.0,0.0,0.0,8.0,0.0,0.0,4.04,2.8,1.0,20.7,0.3908,21.2,77.5,1.0,0.0,0.0,3
베렛,NC,04월 13일,0.9,0.0,4.982,1.275,0.7581,1.631,0.0,3.9,0.8,4.9,1.0,0.0,0.1,4.7,0.0,0.0,5.09,2.9,1.0,20.0,0.2359,25.8,99.2,0.7,0.0,0.7,3
베렛,NC,04월 19일,1.0,0.0,5.512,1.4,0.8975,1.778,0.0,2.6,0.9,3.5,1.0,0.0,0.0,6.4,0.0,0.0,5.02,3.1,1.0,20.6,0.3101,24.5,86.9,0.9,0.0,0.9,5
베렛,NC,04월 25일,1.0,0.0,10.175,2.175,0.8645,2.251,0.0,2.2,0.3,4.6,1.0,0.0,0.0,6.8,0.0,0.0,3.75,4.4,1.0,19.6,0.348,22.2,84.7,1.0,0.0,0.3,2
베렛,NC,05월 01일,1.7,0.0,4.793,nan,0.6274,1.274,0.0,0.6,0.1,4.8,1.0,0.0,0.7,6.3,0.0,0.0,6.04,2.7,1.0,24.8,0.2623,25.5,89.2,0.3,0.0,0.1,4
베렛,NC,05월 06일,1.9,0.0,5.941,nan,0.8244,1.349,0.0,0.9,0.0,6.4,1.0,0.0,0.2,6.8,0.0,0.0,5.92,3.7,1.0,24.8,0.2772,25.7,92.5,0.1,0.0,1.4,7
베렛,NC,05월 13일,2.0,0.0,12.482,nan,1.2464,2.977,0.0,2.3,0.0,1.9,1.0,0.0,0.1,10.4,0.0,0.0,4.7,5.9,1.0,23.8,0.4436,26.1,83.3,0.7,0.0,1.8,3
베렛,NC,06월 07일,0.6,0.0,17.925,nan,1.1579,3.508,0.0,0.7,0.0,1.4,1.0,0.0,0.0,6.6,0.0,0.0,2.17,3.9,1.0,13.4,0.5216,14.1,46.2,0.9,0.0,0.6,3
베렛,NC,06월 13일,0.9,0.0,9.167,nan,0.9437,2.042,0.0,1.0,0.7,3.7,1.0,0.0,0.0,6.4,0.0,0.0,4.19,3.4,1.0,18.8,0.3636,21.2,88.1,0.3,0.0,0.9,3
베렛,NC,06월 20일,1.6,0.0,5.739,nan,0.6203,1.239,0.0,0.9,0.2,5.3,1.0,0.0,0.7,5.2,0.0,0.0,6.03,3.0,1.0,23.3,0.2472,24.6,91.4,0.1,0.0,0.2,1
베렛,NC,06월 26일,1.2,0.0,2.181,nan,0.5252,0.905,0.0,0.3,0.1,7.3,1.0,0.0,0.2,5.8,0.0,0.0,6.81,1.6,1.0,25.5,0.2287,26.7,102.6,0.0,0.0,0.1,4
베렛,NC,07월 03일,1.8,0.0,4.844,nan,0.8378,1.308,0.0,0.8,0.0,7.8,1.0,0.0,0.1,7.3,0.0,0.0,6.3,3.3,1.0,25.3,0.2894,26.3,101.1,0.0,0.0,1.4,2
베렛,NC,07월 08일,0.5,0.0,5.529,nan,0.8155,1.555,0.0,0.2,0.7,2.4,1.0,0.0,0.0,5.7,0.0,0.0,4.0,2.3,1.0,16.7,0.3566,17.7,59.3,0.0,0.0,0.4,1
보니야,삼성,04월 17일,2.5,0.2,5.13,nan,0.9156,1.546,0.0,0.4,0.7,4.1,1.0,0.0,0.0,8.0,0.0,0.0,5.71,2.7,1.0,25.0,0.3197,27.5,104.8,0.8,0.0,1.0,3
보니야,삼성,04월 22일,2.1,0.1,4.68,nan,0.8521,1.363,0.0,0.7,0.9,4.0,1.0,0.0,0.7,6.5,0.0,0.0,5.3,2.7,1.0,22.3,0.2895,24.3,101.2,0.2,0.0,0.9,3
보니야,삼성,04월 28일,3.5,0.0,3.27,nan,0.7655,1.27,0.0,0.2,0.3,7.5,1.0,0.0,0.2,7.7,0.0,0.0,5.94,2.2,1.0,26.5,0.2907,27.2,116.6,0.1,0.0,0.3,6
보니야,삼성,05월 04일,1.0,0.0,7.828,nan,0.7984,2.032,0.7,3.6,0.1,5.7,1.0,0.0,0.1,6.4,0.0,0.0,4.68,4.2,1.0,20.3,0.3189,24.7,96.7,0.7,0.0,0.1,3
보니야,삼성,05월 10일,1.8,0.0,4.9,nan,0.7427,1.691,0.2,3.8,0.0,3.3,1.0,0.0,0.0,6.9,0.0,0.0,6.36,3.3,1.0,23.9,0.2912,28.6,108.4,0.2,0.0,0.0,3
보니야,삼성,05월 18일,1.8,0.7,4.312,5.1,0.6774,1.222,0.1,2.0,0.0,5.8,1.0,0.0,0.0,6.2,0.0,0.0,6.79,3.2,1.0,25.0,0.251,27.3,110.4,0.1,0.0,0.0,0
보니야,삼성,05월 24일,0.6,0.2,1.122,3.081,0.4647,1.014,0.0,2.7,0.0,6.5,1.0,0.0,0.7,4.0,0.0,0.0,6.39,0.9,1.0,23.1,0.1694,25.9,111.5,0.0,0.0,0.0,1
보니야,삼성,05월 30일,0.2,0.1,1.229,6.766,0.5477,0.958,0.0,1.4,0.0,7.7,1.0,0.0,0.9,5.4,0.0,0.0,6.9,1.0,1.0,25.9,0.2057,27.3,102.1,0.0,0.0,0.7,3
보니야,삼성,06월 05일,2.8,0.0,4.026,2.883,0.7779,1.407,0.0,1.9,0.7,4.4,1.0,0.0,0.3,5.7,0.0,0.0,5.53,2.3,1.0,21.6,0.268,24.2,107.0,0.0,0.0,0.2,4
보니야,삼성,06월 10일,2.2,0.0,5.403,2.5,1.0695,1.585,0.0,2.6,0.9,5.6,1.0,0.0,0.1,6.7,0.0,0.0,5.91,3.5,1.0,22.8,0.295,26.3,105.1,0.7,0.0,2.2,3
보니야,삼성,06월 16일,2.2,0.0,3.539,3.7,0.7597,1.292,0.0,2.2,1.0,7.8,1.0,0.0,0.7,6.2,0.0,0.0,6.6,2.5,1.0,24.8,0.2525,28.0,106.1,0.2,0.0,0.6,7
보니야,삼성,06월 22일,3.4,0.0,9.836,6.0,0.916,1.851,0.0,1.4,1.0,7.3,1.0,0.0,0.2,7.5,0.0,0.0,4.87,5.0,1.0,22.9,0.3314,25.3,103.8,0.8,0.0,0.3,6
보니야,삼성,06월 28일,1.0,0.0,21.649,2.55,1.258,3.33,0.0,1.8,0.3,3.7,1.0,0.0,0.1,6.4,0.0,0.0,2.92,5.6,1.0,14.7,0.4781,16.8,64.1,0.2,0.0,0.7,3
보니야,삼성,07월 05일,0.4,0.0,7.591,1.425,0.747,1.743,0.0,3.3,0.1,3.2,1.0,0.0,0.0,4.1,0.0,0.0,5.15,2.5,1.0,20.5,0.2366,23.9,96.7,0.8,0.0,0.9,2
보니야,삼성,07월 11일,0.0,0.0,4.769,3.75,0.6807,1.31,0.0,1.7,0.0,4.3,1.0,0.0,0.0,5.4,0.0,0.0,6.34,2.2,1.0,23.2,0.2486,26.3,101.6,0.2,0.0,1.0,2
브리검,넥센,04월 13일,1.1,0.0,6.038,3.85,0.8482,1.56,0.0,1.8,0.4,6.3,1.0,0.0,0.0,8.6,0.0,0.0,6.57,4.5,1.0,26.5,0.3255,29.6,105.4,0.7,0.0,0.9,2
브리검,넥센,04월 19일,0.3,0.0,4.048,1.58,0.612,1.411,0.0,4.0,0.9,3.3,1.0,0.0,0.0,4.7,0.0,0.0,6.12,2.8,1.0,21.8,0.2056,27.0,99.3,0.9,0.0,0.3,1
브리검,넥센,04월 25일,0.1,0.0,2.005,3.18,0.5337,0.941,0.0,2.6,0.2,6.6,1.0,0.0,0.7,4.3,0.0,0.0,7.51,1.6,1.0,24.3,0.1741,27.2,96.0,0.3,0.0,0.8,2
브리검,넥센,05월 01일,1.4,0.0,1.576,nan,0.6575,1.102,0.0,0.9,0.8,5.3,1.0,0.0,0.2,6.0,0.0,0.0,6.4,1.1,1.0,23.1,0.2598,24.8,92.9,0.8,0.0,0.2,4
브리검,넥센,05월 08일,1.1,0.0,5.138,nan,0.9274,2.017,0.0,3.7,0.9,4.6,1.0,0.0,0.1,7.4,0.0,0.0,5.57,3.1,1.0,22.5,0.3316,27.1,97.8,0.2,0.0,0.8,6
브리검,넥센,05월 15일,1.8,0.0,7.8,nan,1.0111,2.005,0.0,1.0,0.3,2.7,1.0,0.0,0.0,9.3,0.0,0.0,5.12,4.4,1.0,23.5,0.3951,24.8,102.7,0.1,0.0,0.9,1
브리검,넥센,05월 20일,0.5,0.0,3.266,nan,0.4943,0.91,0.0,1.2,1.5,5.7,1.0,0.0,0.0,4.2,0.0,0.0,7.11,2.1,1.0,24.5,0.1758,27.2,100.3,0.0,0.0,0.3,1
브리검,넥센,05월 26일,0.9,0.0,2.176,nan,0.5753,1.207,0.0,1.6,0.4,7.9,1.0,0.0,0.0,5.6,0.0,0.0,6.3,1.4,1.0,24.2,0.2327,26.2,109.4,0.0,0.0,0.1,2
브리검,넥센,06월 01일,0.9,0.7,2.513,4.4,0.7197,1.123,0.0,1.9,0.9,8.1,1.0,0.0,0.7,4.9,0.0,0.0,6.2,1.7,1.0,22.7,0.2169,26.2,100.4,0.0,0.0,0.7,3
브리검,넥센,06월 07일,1.0,0.2,3.116,4.75,0.639,1.158,0.0,1.3,0.9,6.0,1.0,0.0,0.2,7.2,0.0,0.7,7.4,2.6,1.0,28.5,0.251,30.9,109.1,0.7,0.0,0.2,3
브리검,넥센,06월 13일,0.3,0.8,3.678,2.8,0.7158,1.043,0.0,1.1,1.0,3.2,1.0,0.0,0.1,6.3,0.0,0.2,7.1,2.9,1.0,25.9,0.2423,28.1,109.8,0.9,0.0,0.8,1
브리검,넥센,06월 19일,0.8,0.2,2.013,3.0,0.5292,0.81,0.0,1.7,1.0,5.1,1.0,0.0,0.7,4.1,0.0,0.1,7.1,1.6,1.0,22.1,0.1788,25.5,96.4,0.3,0.0,0.2,4
브리검,넥센,06월 24일,1.6,0.1,3.976,2.2,0.7601,1.355,0.0,2.6,1.0,5.6,1.0,0.0,0.2,5.4,0.0,0.0,5.74,2.6,1.0,22.6,0.2367,26.4,106.1,0.1,0.0,0.8,7
브리검,넥센,07월 01일,1.2,0.0,8.046,2.45,0.7535,1.383,0.0,2.2,1.0,5.3,1.0,0.0,0.1,6.4,0.0,0.0,6.01,5.6,1.0,24.8,0.2555,28.1,100.3,0.0,0.0,0.9,0
브리검,넥센,07월 07일,0.4,0.0,2.466,1.75,0.5479,1.143,0.0,2.1,0.3,3.7,1.0,0.0,0.7,5.5,0.0,0.0,6.64,1.7,1.0,25.7,0.2143,28.1,104.3,0.0,0.0,0.3,4
산체스,SK,04월 13일,0.7,0.0,1.353,nan,0.4617,0.802,0.0,0.1,0.0,6.8,1.0,0.0,0.3,5.3,0.0,0.0,6.7,1.0,1.0,25.9,0.2022,26.0,100.1,0.0,0.0,0.2,0
산체스,SK,04월 19일,0.2,0.0,0.408,nan,0.3037,0.523,0.0,0.0,0.0,8.5,1.0,0.0,0.8,3.6,0.0,0.0,6.9,0.3,1.0,25.2,0.1411,25.2,97.0,0.0,0.0,0.1,5
산체스,SK,04월 25일,1.5,0.0,6.429,nan,0.8952,1.572,0.0,1.4,0.0,5.3,1.0,0.0,0.2,6.8,0.0,0.0,5.6,3.6,1.0,23.2,0.3002,24.6,93.4,0.0,0.0,1.4,1
산체스,SK,05월 01일,1.1,0.0,2.703,nan,0.5958,1.045,0.0,1.1,0.0,5.2,1.0,0.0,0.1,5.4,0.0,0.0,6.6,1.7,1.0,23.7,0.2304,24.8,98.5,0.0,0.0,0.4,2
산체스,SK,05월 16일,1.1,0.0,3.258,nan,0.5624,0.953,0.0,0.4,0.0,5.6,1.0,0.0,0.7,5.3,0.0,0.0,6.1,2.1,1.0,22.4,0.2369,22.8,85.3,0.0,0.0,0.2,5
산체스,SK,05월 22일,0.3,0.7,5.23,nan,0.6243,0.952,0.0,0.1,0.0,7.3,1.0,0.0,0.2,6.4,0.0,0.0,6.8,4.0,1.0,26.4,0.2412,26.5,103.1,0.7,0.0,0.7,4
산체스,SK,05월 27일,0.8,0.2,4.736,nan,0.7661,1.214,0.0,0.7,0.7,5.0,1.0,0.0,0.1,6.8,0.0,0.0,6.2,3.3,1.0,26.7,0.254,28.1,104.2,0.9,0.0,1.6,3
산체스,SK,06월 02일,0.9,0.1,4.693,nan,0.7573,1.185,0.0,0.2,0.9,3.7,1.0,0.0,0.0,7.0,0.0,0.0,6.1,3.2,1.0,25.7,0.2728,27.5,97.3,0.3,0.0,1.2,1
산체스,SK,06월 08일,1.0,0.0,2.4,nan,0.7638,1.186,0.0,0.8,0.3,4.5,1.0,0.0,0.7,6.3,0.0,0.0,6.0,1.6,1.0,23.1,0.273,25.1,100.6,0.1,0.0,1.1,6
산체스,SK,06월 14일,1.0,0.7,8.849,nan,1.2311,2.15,0.0,2.3,0.1,4.1,1.0,0.0,0.2,8.2,0.0,0.0,4.74,4.7,1.0,22.3,0.3689,25.0,96.2,0.7,0.0,2.4,2
산체스,SK,06월 20일,0.3,0.2,4.263,1.606,0.7612,1.429,0.7,4.2,0.0,5.5,1.0,0.0,0.8,4.5,0.0,0.0,6.34,2.7,1.0,22.0,0.2043,27.0,92.2,0.2,0.0,1.4,3
산체스,SK,06월 27일,0.8,0.8,4.506,1.773,0.6367,1.115,0.2,3.4,0.7,5.8,1.0,0.0,0.2,3.6,0.0,0.0,6.16,3.1,1.0,22.0,0.1633,26.3,96.1,0.1,0.0,0.5,1
산체스,SK,07월 04일,0.9,0.2,1.97,1.57,0.5146,0.994,0.1,2.5,0.2,3.9,1.0,0.0,0.1,4.4,0.0,0.0,6.84,1.5,1.0,24.1,0.1808,26.9,102.1,0.0,0.0,0.1,3
산체스,SK,07월 10일,2.4,0.1,4.443,1.2,0.7973,1.41,0.0,2.1,0.1,2.6,1.0,0.0,0.0,5.5,0.0,0.0,5.52,2.6,1.0,21.9,0.2538,24.1,100.1,0.0,0.0,0.7,3
샘슨,한화,04월 12일,0.2,0.0,6.345,1.419,0.6637,1.806,0.0,5.4,0.0,7.3,1.0,0.0,0.0,3.2,0.0,0.0,4.74,3.3,1.0,16.4,0.1838,21.8,116.2,1.0,0.0,0.5,1
샘슨,한화,04월 18일,0.0,0.0,3.12,6.034,0.5274,0.982,0.0,2.3,0.0,7.8,1.0,0.0,0.7,3.0,0.0,0.0,5.62,1.8,1.0,19.6,0.153,21.9,104.9,0.3,0.0,0.9,3
샘슨,한화,04월 25일,1.4,0.0,1.71,3.117,0.5524,1.344,0.0,4.3,0.0,9.3,1.0,0.0,0.2,3.6,0.0,0.0,5.9,1.1,1.0,21.8,0.1637,26.1,99.0,0.1,0.0,0.2,1
샘슨,한화,05월 01일,1.8,0.0,1.353,nan,0.4327,0.766,0.0,1.1,0.0,6.3,1.0,0.0,0.1,3.9,0.0,0.0,6.7,1.0,1.0,24.9,0.1569,26.0,92.9,0.0,0.0,0.1,3
샘슨,한화,05월 08일,1.3,0.0,3.558,nan,0.6021,0.964,0.0,0.5,0.0,6.2,1.0,0.0,0.7,5.4,0.0,0.0,6.2,2.4,1.0,24.3,0.2232,24.8,99.9,0.0,0.0,0.7,7
샘슨,한화,05월 13일,1.1,0.0,10.479,nan,0.9062,1.909,0.0,0.7,0.0,6.6,1.0,0.0,0.2,8.6,0.0,0.0,4.84,5.6,1.0,23.5,0.3699,24.9,103.2,0.0,0.0,0.9,0
샘슨,한화,05월 19일,1.7,0.0,3.15,nan,0.546,0.957,0.0,0.2,0.0,9.0,1.0,0.0,0.8,5.4,0.0,0.0,6.41,1.7,1.0,25.2,0.2198,25.6,108.3,0.0,0.0,0.3,1
샘슨,한화,05월 25일,1.2,0.0,2.4,nan,0.59,1.277,0.0,2.9,0.0,4.8,1.0,0.0,0.9,4.6,0.0,0.0,6.04,1.4,1.0,21.5,0.2143,24.5,103.9,0.0,0.0,0.1,3
샘슨,한화,05월 31일,0.4,0.0,3.282,nan,0.6136,1.098,0.0,1.5,0.0,7.9,1.0,0.0,0.3,5.4,0.0,0.0,6.18,2.3,1.0,23.4,0.2304,24.9,116.8,0.7,0.0,0.7,5
샘슨,한화,06월 06일,0.8,0.0,4.6,5.375,0.6744,1.258,0.0,2.0,0.0,9.1,1.0,0.0,0.1,6.5,0.0,0.0,6.72,3.5,1.0,26.4,0.245,28.4,115.1,0.9,0.0,0.9,0
샘슨,한화,06월 12일,0.2,0.0,1.454,3.069,0.447,0.971,0.0,2.6,0.0,6.4,1.0,0.0,0.7,4.1,0.0,0.0,6.91,1.1,1.0,24.8,0.1625,27.4,107.3,0.3,0.0,0.3,2
샘슨,한화,06월 17일,1.5,0.0,3.034,3.284,0.6301,1.281,0.0,2.2,0.0,6.9,1.0,0.0,0.2,4.8,0.0,0.0,5.6,1.8,1.0,20.9,0.2341,23.1,109.8,0.1,0.0,0.1,4
샘슨,한화,06월 23일,2.5,0.0,5.165,1.742,0.7645,1.724,0.0,3.5,0.0,5.4,1.0,0.0,0.8,6.2,0.0,0.0,5.34,3.2,1.0,22.3,0.2779,25.8,110.2,0.0,0.0,0.0,1
샘슨,한화,06월 29일,0.8,0.0,2.68,2.231,0.576,1.347,0.0,3.1,0.0,6.6,1.0,0.0,0.9,4.7,0.0,0.0,5.74,1.7,1.0,21.2,0.2208,24.3,108.9,0.0,0.0,0.0,2
샘슨,한화,07월 05일,0.3,0.0,3.035,3.041,0.5327,1.009,0.0,2.4,0.0,6.8,1.0,0.0,1.0,3.6,0.0,0.0,5.92,2.0,1.0,21.2,0.1687,23.6,97.8,0.0,0.0,0.7,2
샘슨,한화,07월 11일,0.0,0.0,2.549,3.033,0.4015,0.885,0.0,2.8,0.0,8.4,1.0,0.0,1.0,3.1,0.0,0.0,6.7,1.9,1.0,22.4,0.1387,25.2,112.0,0.0,0.0,0.2,9
소사,LG,04월 14일,1.2,0.0,2.099,nan,0.466,0.749,0.1,0.4,0.0,6.3,1.0,0.0,0.0,4.7,0.0,0.0,6.9,1.6,1.0,28.2,0.1698,28.7,98.1,0.0,0.0,0.7,0
소사,LG,04월 20일,1.1,0.0,0.514,nan,0.4904,0.914,0.0,2.2,0.0,6.8,1.0,0.0,0.7,4.2,0.0,0.0,7.0,0.4,1.0,24.0,0.1764,26.2,96.8,0.0,0.0,0.2,1
소사,LG,04월 26일,1.0,0.0,0.257,nan,0.4501,0.859,0.0,2.0,0.0,3.5,1.0,0.0,0.9,4.0,0.0,0.0,7.0,0.2,1.0,24.1,0.1671,26.1,94.2,0.0,0.0,0.1,0
소사,LG,05월 02일,1.7,0.0,0.0,2.183,0.4864,0.769,0.0,2.1,1.4,4.6,1.0,0.0,1.0,3.3,0.0,0.0,7.0,0.0,1.0,22.4,0.1468,25.9,96.8,0.0,0.0,0.0,2
소사,LG,05월 08일,1.9,0.0,1.575,nan,0.5402,0.753,0.0,0.6,0.4,8.2,1.0,0.0,0.3,5.2,0.0,0.0,7.7,1.4,1.0,27.8,0.1839,28.8,110.8,0.0,0.0,0.7,4
소사,LG,05월 13일,2.7,0.0,2.816,nan,0.6937,1.187,0.0,0.2,0.2,7.4,1.0,0.0,0.1,9.2,0.0,0.0,7.9,2.5,1.0,31.3,0.2867,32.4,100.4,0.7,0.0,0.2,3
소사,LG,05월 19일,2.9,0.0,4.051,nan,0.8348,1.751,0.0,1.4,0.0,5.9,1.0,0.0,0.0,9.8,0.0,0.0,6.6,2.9,1.0,28.5,0.3456,30.1,104.4,0.9,0.0,0.1,2
소사,LG,05월 24일,2.3,0.0,3.037,nan,0.6321,1.14,0.0,1.1,0.7,5.2,1.0,0.0,0.0,6.6,0.0,0.0,6.9,2.3,1.0,26.2,0.2473,28.1,100.6,1.0,0.0,0.0,0
소사,LG,05월 30일,0.7,0.0,0.964,11.05,0.3968,0.764,0.0,1.1,0.2,11.3,1.0,0.0,0.7,4.8,0.7,0.7,8.3,0.7,1.0,29.4,0.1673,30.7,111.7,0.3,0.0,0.0,4
소사,LG,06월 05일,2.3,0.0,3.855,nan,0.6611,0.996,0.0,0.3,0.1,9.6,1.0,0.0,0.9,6.9,0.2,0.2,7.4,3.0,1.0,28.3,0.246,28.7,100.4,0.1,0.0,0.7,2
소사,LG,06월 10일,1.3,0.0,2.827,nan,0.563,0.781,0.0,0.1,0.0,10.2,1.0,0.0,1.0,5.5,0.1,0.1,7.2,2.2,1.0,26.9,0.2045,27.0,99.4,0.0,0.0,0.9,7
소사,LG,06월 16일,3.3,0.0,8.378,nan,0.8416,1.656,0.0,0.7,0.0,6.4,1.0,0.0,0.3,9.5,0.0,0.0,6.3,5.7,1.0,27.6,0.3421,29.0,105.5,0.7,0.0,0.3,3
소사,LG,06월 22일,1.6,0.0,4.723,nan,0.7766,1.262,0.0,0.9,0.0,7.6,1.0,0.0,0.1,8.3,0.0,0.0,7.5,3.7,1.0,29.9,0.2784,31.0,112.8,0.2,0.0,1.5,1
소사,LG,06월 29일,0.6,0.0,2.629,5.95,0.535,1.126,0.0,1.7,0.0,9.8,1.0,0.0,0.7,6.2,0.0,0.0,7.1,2.0,1.0,28.6,0.2162,30.4,114.6,0.1,0.0,0.4,7
소사,LG,07월 05일,0.1,0.0,5.321,nan,0.8806,1.538,0.0,0.5,0.7,5.1,1.0,0.0,0.2,6.7,0.0,0.0,5.0,2.6,1.0,22.7,0.3066,23.9,85.7,0.7,0.0,1.6,3
소사,LG,07월 11일,2.8,0.0,4.461,nan,0.8137,1.556,0.0,0.9,0.2,5.9,1.0,0.0,0.1,8.2,0.0,0.0,5.77,2.8,1.0,26.4,0.3126,27.5,95.4,0.2,0.0,0.4,1
송승준,롯데,06월 01일,0.3,0.0,1.62,nan,0.2153,0.5,0.0,0.8,0.2,1.7,1.0,0.0,0.0,1.7,0.0,0.0,2.27,0.9,1.0,8.8,0.0844,9.8,40.3,0.1,0.0,0.0,5
송승준,롯데,06월 07일,1.5,0.0,3.872,nan,0.7189,1.399,0.0,1.7,0.1,5.5,1.0,0.0,0.0,6.1,0.0,0.0,4.36,2.4,1.0,19.5,0.2594,21.3,83.3,0.0,0.0,0.7,3
송승준,롯데,07월 08일,1.8,0.0,5.313,nan,0.8299,1.488,0.0,1.1,0.7,3.5,1.0,0.0,0.0,5.8,0.0,0.0,4.02,2.7,1.0,16.4,0.3291,20.3,72.0,0.0,0.0,0.2,5
신재영,넥센,04월 14일,1.3,0.0,6.068,nan,0.8807,1.254,0.0,0.3,0.2,5.1,1.0,0.0,0.0,5.8,0.0,0.0,5.32,3.1,1.0,20.2,0.2918,20.9,79.7,0.3,0.0,1.5,6
신재영,넥센,04월 20일,1.8,0.0,9.285,nan,0.9878,1.486,0.0,0.1,0.1,4.4,1.0,0.0,0.7,7.3,0.0,0.0,5.1,5.1,1.0,22.1,0.3301,22.4,82.0,0.1,0.0,1.8,1
신재영,넥센,04월 26일,2.6,0.0,3.51,nan,0.7854,1.222,0.0,0.0,0.7,3.5,1.0,0.0,0.9,7.0,0.0,0.0,5.8,2.1,1.0,24.2,0.2894,24.9,85.1,0.0,0.0,0.6,6
신재영,넥센,05월 02일,2.2,0.0,12.72,nan,1.0937,2.494,1.4,2.8,0.9,2.4,1.0,0.0,0.3,6.4,0.0,0.0,3.87,5.0,1.0,18.5,0.3533,22.2,75.2,0.7,0.0,0.9,5
신재영,넥센,05월 09일,2.1,0.0,15.206,nan,1.4897,2.292,0.4,0.8,1.0,1.4,1.0,0.0,0.1,6.1,0.0,0.0,2.76,4.8,1.0,15.5,0.4033,17.3,66.9,0.2,0.0,2.3,2
신재영,넥센,05월 16일,0.6,0.0,7.096,nan,0.8759,1.45,0.2,1.1,0.3,1.1,1.0,0.0,0.0,5.3,0.0,0.0,4.95,3.0,1.0,20.5,0.2752,21.9,78.5,0.8,0.0,1.4,1
신재영,넥센,05월 22일,0.9,0.7,3.548,nan,0.7665,1.125,0.0,0.2,0.1,3.1,1.0,0.0,0.0,5.1,0.0,0.0,4.92,1.6,1.0,19.3,0.2704,19.6,72.8,0.2,0.0,0.5,3
신재영,넥센,05월 27일,0.2,0.2,3.81,nan,0.6551,1.0,0.0,0.8,0.7,2.3,1.0,0.0,0.7,5.0,0.0,0.0,5.8,2.5,1.0,21.5,0.2332,23.7,91.9,0.1,0.0,0.8,6
신재영,넥센,06월 08일,0.1,0.1,8.171,nan,0.9316,1.217,0.0,0.2,0.2,4.3,1.0,0.0,0.2,6.4,0.0,0.0,5.27,4.9,1.0,21.7,0.2943,22.3,87.8,0.7,0.0,2.3,5
신재영,넥센,06월 26일,0.7,0.0,10.351,nan,1.3296,1.587,0.0,0.8,0.1,4.0,1.0,0.0,0.1,6.1,0.0,0.0,4.42,5.0,1.0,18.5,0.3334,19.5,72.8,0.2,0.0,3.5,2
신재영,넥센,07월 06일,0.9,0.0,5.783,nan,0.9016,1.041,0.0,0.2,0.7,3.4,1.0,0.0,0.7,4.7,0.0,0.0,4.81,3.0,1.0,18.2,0.2578,19.1,72.8,0.1,0.0,1.8,1
신재영,넥센,07월 12일,2.4,0.7,2.958,nan,0.7746,0.951,0.0,0.8,0.9,2.4,1.0,0.0,0.9,4.2,0.0,0.0,5.04,1.6,1.0,20.0,0.2134,21.7,84.1,0.0,0.0,0.6,2
아델만,삼성,04월 15일,1.5,0.0,3.074,0.969,0.662,1.319,0.0,3.0,0.1,2.9,1.0,0.0,0.7,5.9,0.0,0.0,6.72,2.3,1.0,24.9,0.2375,28.2,103.9,0.1,0.0,0.3,7
아델만,삼성,04월 21일,0.6,0.0,14.044,0.474,0.8928,3.121,0.0,4.4,0.0,1.7,1.0,0.0,0.2,7.3,0.0,0.0,4.17,5.5,1.0,20.0,0.3797,25.1,103.7,0.7,0.0,0.1,1
아델만,삼성,04월 27일,0.8,0.0,5.087,nan,0.6507,1.609,0.0,1.3,0.0,3.9,1.0,0.0,0.8,6.4,0.0,0.0,5.52,2.3,1.0,22.3,0.2946,23.8,116.6,0.2,0.0,0.0,6
아델만,삼성,05월 03일,0.9,0.7,9.75,nan,1.0215,2.27,0.0,1.9,0.0,5.3,1.0,0.0,0.2,9.0,0.0,0.0,5.01,5.1,1.0,22.5,0.4011,25.2,113.2,0.8,0.0,0.7,4
아델만,삼성,05월 09일,1.0,0.2,5.908,nan,0.6652,1.077,0.0,0.4,0.0,8.0,1.0,0.0,0.8,6.1,0.0,0.0,6.5,4.1,1.0,25.1,0.2475,25.7,103.9,0.2,0.0,0.9,3
아델만,삼성,05월 15일,3.8,0.1,5.258,nan,0.8199,1.432,0.0,0.2,0.0,7.3,1.0,0.0,0.2,8.3,0.0,0.0,6.1,3.5,1.0,26.4,0.315,26.7,106.6,0.1,0.0,0.3,0
아델만,삼성,05월 20일,1.8,0.0,1.414,nan,0.6779,1.491,0.0,2.1,0.0,5.1,1.0,0.0,0.1,5.8,0.0,0.0,5.4,1.0,1.0,22.0,0.2608,24.1,116.2,0.0,0.0,0.1,3
아델만,삼성,05월 26일,1.4,0.0,3.6,nan,0.8315,1.751,0.0,2.7,1.4,5.7,1.0,0.0,0.0,7.5,0.0,0.0,5.8,2.4,1.0,24.9,0.2989,29.0,121.8,0.0,0.0,0.7,5
아델만,삼성,05월 31일,1.7,0.0,5.625,0.533,0.9907,2.626,0.0,1.6,0.4,1.6,1.0,0.0,0.0,7.0,0.0,0.0,3.24,2.0,1.0,17.7,0.4135,20.4,79.6,0.7,0.0,0.2,0
아델만,삼성,06월 06일,1.2,0.0,1.8,nan,0.6453,1.28,0.0,0.5,0.9,5.5,1.0,0.0,0.7,5.7,0.0,0.0,5.94,0.7,1.0,22.4,0.2698,24.7,89.0,0.2,0.0,0.1,7
아델만,삼성,06월 12일,1.1,0.0,9.495,nan,1.2173,1.702,0.0,1.5,0.9,3.5,1.0,0.0,0.2,6.6,0.0,0.0,5.12,5.1,1.0,21.7,0.3109,24.4,80.5,0.8,0.0,3.5,2
아델만,삼성,06월 17일,1.0,0.0,3.703,nan,0.803,1.481,0.0,1.8,1.0,5.5,1.0,0.0,0.8,6.1,0.0,0.0,5.27,2.1,1.0,22.2,0.2755,25.8,107.8,0.2,0.0,1.0,7
아델만,삼성,06월 23일,1.7,0.0,23.648,0.981,1.4275,3.63,0.0,2.7,0.3,2.2,1.0,0.0,0.2,6.1,0.0,0.0,2.92,5.8,1.0,14.3,0.4686,17.5,72.2,0.8,0.0,1.2,2
아델만,삼성,06월 29일,1.2,0.0,8.569,0.597,0.9893,2.331,0.0,2.9,0.1,1.5,1.0,0.0,0.1,7.4,0.0,0.0,5.11,2.9,1.0,19.8,0.3913,23.6,90.6,0.2,0.0,0.2,7
아델만,삼성,07월 07일,1.1,0.0,12.472,1.499,0.8633,2.111,0.0,1.6,0.7,1.7,1.0,0.0,0.0,7.1,0.0,0.0,4.27,5.3,1.0,20.2,0.3605,23.4,79.6,0.8,0.0,0.1,3
양창섭,삼성,06월 20일,2.7,0.0,4.773,1.375,0.7962,1.861,0.0,3.3,0.8,4.3,1.0,0.0,0.1,5.6,0.0,0.0,4.54,2.5,1.0,21.4,0.2619,25.5,109.3,0.2,0.0,0.2,4
양창섭,삼성,06월 26일,1.5,0.0,6.558,3.2,0.9704,1.828,0.0,1.7,1.6,4.1,1.0,0.0,0.0,7.3,0.0,0.0,4.84,3.6,1.0,21.0,0.3476,25.7,98.8,0.1,0.0,0.8,1
양창섭,삼성,07월 06일,0.5,0.0,3.069,3.025,0.7063,1.274,0.0,2.0,1.2,5.5,1.0,0.0,0.7,5.0,0.0,0.0,5.62,1.8,1.0,21.8,0.2309,25.4,105.8,0.0,0.0,0.9,8
양창섭,삼성,07월 12일,0.8,0.0,16.14,1.35,1.1165,2.9,0.0,3.3,0.4,3.0,1.0,0.0,0.2,7.2,0.0,0.0,3.87,6.2,1.0,18.4,0.4042,22.3,83.4,0.7,0.0,1.0,2
양현종,KIA,04월 13일,1.3,0.0,2.885,nan,0.7126,1.423,0.7,0.9,0.0,5.6,1.0,0.0,0.8,7.8,0.0,0.0,6.12,2.0,1.0,26.4,0.2943,27.3,100.6,0.2,0.0,0.5,0
양현종,KIA,04월 19일,1.2,0.0,1.153,7.9,0.5485,1.06,0.2,1.0,0.0,7.9,1.0,0.0,0.2,6.0,0.0,0.0,6.71,0.8,1.0,26.3,0.227,27.3,107.1,0.1,0.0,0.2,4
양현종,KIA,04월 26일,0.3,0.0,2.25,7.3,0.5534,1.022,0.1,1.0,0.0,7.3,1.0,0.0,0.8,7.4,0.0,0.7,8.3,2.2,1.0,32.3,0.2295,33.3,109.8,0.0,0.0,0.7,3
양현종,KIA,05월 02일,0.8,0.0,2.7,4.4,0.5123,1.063,0.0,2.4,0.0,8.6,1.0,0.0,0.2,7.0,0.0,0.9,8.8,2.7,1.0,33.4,0.2092,35.8,121.3,0.7,0.0,0.2,5
양현종,KIA,05월 08일,0.9,0.0,7.2,nan,0.8856,1.862,0.0,0.7,0.0,7.4,1.0,0.0,0.8,9.9,0.0,0.3,6.2,4.4,1.0,27.8,0.3721,28.5,100.0,0.2,0.0,0.8,0
양현종,KIA,05월 15일,0.3,0.0,2.1,nan,0.5484,1.181,0.0,1.7,0.0,5.1,1.0,0.0,0.9,5.7,0.0,0.1,6.24,1.3,1.0,24.5,0.2304,26.2,99.4,0.1,0.0,0.2,1
양현종,KIA,05월 20일,1.5,0.0,1.691,nan,0.6831,1.016,0.0,1.1,0.7,7.8,1.0,0.0,1.0,6.1,0.0,0.0,7.34,1.2,1.0,25.3,0.2405,27.1,104.3,0.0,0.0,0.8,3
양현종,KIA,05월 26일,1.1,0.0,2.746,5.5,0.6396,1.246,0.0,1.1,0.2,5.7,1.0,0.0,1.0,5.8,0.0,0.0,5.72,1.6,1.0,22.2,0.2638,24.2,95.8,0.0,0.0,0.2,2
양현종,KIA,06월 01일,1.1,0.0,2.933,2.95,0.7095,1.649,0.0,3.1,0.1,6.1,1.0,0.0,0.3,6.7,0.0,0.0,6.0,1.9,1.0,23.6,0.2847,27.7,105.5,0.7,0.0,0.1,4
양현종,KIA,06월 07일,1.7,0.0,4.25,2.55,0.7886,1.416,0.0,2.3,0.0,5.2,1.0,0.0,0.1,7.6,0.0,0.0,6.74,3.4,1.0,25.8,0.2942,28.4,100.3,0.9,0.0,0.7,0
양현종,KIA,06월 13일,1.9,0.0,1.24,nan,0.5178,0.842,0.0,0.8,0.0,5.1,1.0,0.0,0.7,5.1,0.0,0.0,6.94,1.0,1.0,25.3,0.2004,26.2,95.8,0.3,0.0,0.2,5
양현종,KIA,06월 20일,0.6,0.0,5.72,nan,0.8227,1.294,0.0,0.9,0.0,4.3,1.0,0.0,0.2,7.2,0.0,0.0,6.32,3.9,1.0,24.5,0.2947,26.8,98.5,0.8,0.0,1.5,4
양현종,KIA,06월 27일,0.2,0.0,5.7,nan,0.7809,1.638,0.0,1.6,0.7,3.4,1.0,0.0,0.1,8.3,0.0,0.0,6.1,3.8,1.0,24.8,0.3346,28.2,115.4,0.2,0.0,0.4,3
양현종,KIA,07월 03일,0.7,0.0,4.316,1.4,0.6336,1.216,0.0,1.9,0.2,2.4,1.0,0.0,0.0,6.8,0.0,0.7,7.4,3.4,1.0,25.6,0.267,29.5,102.5,0.8,0.0,0.2,2
양현종,KIA,07월 08일,0.2,0.0,3.075,nan,0.5379,0.684,0.0,0.6,0.1,9.1,1.0,0.0,0.7,4.2,0.0,0.2,7.1,2.4,1.0,24.5,0.1697,25.7,99.6,0.2,0.0,1.4,5
왕웨이중,NC,04월 11일,1.6,0.0,1.52,nan,0.6416,1.109,0.0,0.3,0.0,4.8,1.0,0.0,0.3,8.2,0.0,0.0,7.5,1.2,1.0,27.5,0.2878,28.6,107.0,0.0,0.0,0.0,5
왕웨이중,NC,04월 17일,2.6,0.0,4.306,nan,0.9874,2.137,0.0,2.2,0.0,2.9,1.0,0.0,0.1,9.3,0.0,0.0,5.7,2.5,1.0,24.9,0.3728,27.3,114.0,0.7,0.0,0.7,2
왕웨이중,NC,04월 22일,1.5,0.0,3.293,nan,0.7768,1.814,0.7,2.7,0.0,2.9,1.0,0.0,0.0,7.9,0.0,0.0,6.0,2.1,1.0,25.3,0.3127,28.1,101.9,0.2,0.0,0.2,3
왕웨이중,NC,04월 28일,0.5,0.0,3.128,0.736,0.8011,1.7,0.2,3.0,0.0,2.2,1.0,0.0,0.0,7.3,0.0,0.0,5.97,2.1,1.0,24.2,0.3021,27.2,100.9,0.1,0.0,0.8,1
왕웨이중,NC,05월 18일,0.1,0.0,1.813,nan,0.6213,1.218,0.1,0.9,0.7,3.5,1.0,0.0,0.7,7.0,0.0,0.0,6.16,1.3,1.0,25.5,0.2747,27.1,104.5,0.0,0.0,0.2,0
왕웨이중,NC,05월 24일,0.0,0.0,0.554,nan,0.4425,0.928,0.0,1.0,0.2,3.8,1.0,0.0,0.9,4.2,0.0,0.0,5.35,0.4,1.0,20.9,0.1936,22.1,86.7,0.0,0.0,0.1,4
왕웨이중,NC,05월 30일,0.7,0.0,4.335,nan,0.565,1.196,0.0,1.6,0.1,4.7,1.0,0.0,0.3,5.5,0.0,0.0,5.82,2.9,1.0,22.5,0.2412,24.2,87.4,0.7,0.0,0.0,8
왕웨이중,NC,06월 05일,1.6,0.0,7.5,2.3,0.8809,2.446,0.0,1.2,0.0,2.8,1.0,0.0,0.1,7.1,0.0,0.0,3.8,2.9,1.0,19.1,0.3788,20.3,69.4,0.9,0.0,0.0,7
왕웨이중,NC,06월 10일,0.5,0.0,11.22,1.119,0.9969,1.993,0.7,2.5,0.0,2.3,1.0,0.0,0.0,6.4,0.0,0.0,4.7,5.9,1.0,19.2,0.3361,21.7,75.9,1.0,0.0,1.4,2
왕웨이중,NC,06월 16일,0.9,0.0,5.219,3.834,0.7003,1.157,0.2,1.4,0.0,4.1,1.0,0.0,0.0,4.8,0.0,0.0,6.2,3.1,1.0,21.7,0.2294,23.8,96.1,0.3,0.0,1.1,1
왕웨이중,NC,06월 23일,0.9,0.0,2.677,3.517,0.4771,0.819,0.1,1.9,0.0,6.1,1.0,0.0,0.7,3.5,0.0,0.0,6.8,1.8,1.0,22.6,0.1574,25.4,106.7,0.1,0.0,0.4,6
왕웨이중,NC,06월 29일,0.3,0.0,6.486,1.725,0.7282,1.543,0.0,3.3,0.0,4.0,1.0,0.0,0.2,6.6,0.0,0.0,6.37,4.6,1.0,24.4,0.2674,28.0,114.7,0.7,0.0,0.8,5
왕웨이중,NC,07월 11일,1.5,0.7,6.875,2.6,0.8998,1.851,0.0,1.7,0.7,3.4,1.0,0.0,0.1,8.2,0.0,0.0,5.42,4.1,1.0,23.4,0.3507,26.6,98.2,0.9,0.0,0.2,0
윌슨,LG,04월 12일,0.9,0.0,4.35,nan,0.7619,1.286,0.0,0.7,0.0,8.1,1.0,0.0,0.7,7.0,0.0,0.0,6.0,2.9,1.0,22.5,0.3104,24.0,101.5,0.3,0.0,0.7,0
윌슨,LG,04월 18일,0.4,0.0,1.35,nan,0.4447,0.702,0.0,0.2,0.7,8.8,1.0,0.0,0.2,4.3,0.0,0.0,6.7,0.9,1.0,23.0,0.1866,24.8,100.6,0.1,0.0,0.2,3
윌슨,LG,04월 29일,0.7,0.0,3.6,nan,0.591,1.134,0.0,1.4,0.9,4.7,1.0,0.0,0.1,5.5,0.0,0.0,6.2,2.4,1.0,22.9,0.2405,26.2,99.3,0.0,0.0,0.1,2
윌슨,LG,05월 05일,0.9,0.0,3.42,nan,0.7724,1.709,0.0,0.4,0.3,6.4,1.0,0.0,0.0,8.5,0.0,0.0,5.4,2.0,1.0,23.7,0.3571,24.7,92.8,0.0,0.0,0.0,3
윌슨,LG,05월 11일,1.0,0.0,4.32,nan,0.8736,1.702,0.0,0.9,0.1,4.5,1.0,0.0,0.0,8.9,0.0,0.0,5.8,2.8,1.0,24.6,0.3615,25.7,107.0,0.7,0.0,0.7,6
윌슨,LG,05월 17일,0.3,0.0,7.56,nan,0.9685,2.214,0.0,0.2,0.0,5.0,1.0,0.0,0.0,11.2,0.0,0.0,5.2,4.3,1.0,26.3,0.4245,26.5,93.2,0.2,0.0,0.9,2
윌슨,LG,05월 23일,0.1,0.0,3.825,nan,0.5971,1.172,0.0,2.2,0.0,7.0,1.0,0.0,0.7,5.4,0.0,0.0,7.2,2.7,1.0,26.1,0.2053,28.3,103.1,0.1,0.0,1.0,2
윌슨,LG,05월 29일,0.0,0.7,3.45,nan,0.5705,1.09,0.0,2.0,0.0,4.2,1.0,0.0,0.9,4.6,0.0,0.0,6.3,2.3,1.0,22.6,0.2011,24.6,90.2,0.0,0.0,0.3,3
윌슨,LG,06월 03일,0.0,0.9,3.975,nan,0.6201,1.094,0.0,0.7,0.0,4.9,1.0,0.0,0.3,6.0,0.0,0.0,6.2,2.7,1.0,23.6,0.2541,25.0,95.7,0.0,0.0,0.1,0
윌슨,LG,06월 09일,0.0,0.3,1.2,nan,0.3484,0.642,0.0,0.9,0.0,8.3,1.0,0.0,0.8,3.9,0.7,0.7,8.1,0.8,1.0,27.9,0.1475,29.0,97.3,0.0,0.0,0.0,0
윌슨,LG,06월 15일,0.7,0.1,0.45,nan,0.4324,0.807,0.0,1.6,0.0,4.6,1.0,0.0,0.9,4.1,0.2,0.2,7.3,0.3,1.0,24.5,0.171,26.2,94.6,0.0,0.0,0.0,1
윌슨,LG,06월 21일,0.9,0.0,0.791,nan,0.4279,0.741,0.0,0.5,0.0,5.8,1.0,0.0,0.3,5.3,0.1,0.1,7.9,0.7,1.0,27.9,0.1897,28.4,105.5,0.0,0.0,0.0,4
윌슨,LG,06월 27일,1.7,0.0,3.824,nan,0.752,1.237,0.0,0.2,0.0,5.0,1.0,0.0,0.1,8.6,0.0,0.0,7.2,3.0,1.0,27.7,0.3087,28.6,100.6,0.0,0.0,0.7,2
윌슨,LG,07월 03일,1.9,0.0,3.367,nan,0.6879,1.103,0.0,0.7,1.4,9.3,1.0,0.0,0.7,6.1,0.0,0.0,5.84,2.3,1.0,23.2,0.2587,25.5,112.0,0.0,0.0,0.2,3
윌슨,LG,07월 08일,1.3,0.0,4.3,nan,0.7255,1.174,0.0,0.2,0.4,4.8,1.0,0.0,0.2,6.9,0.0,0.0,5.94,2.9,1.0,24.5,0.2793,25.2,105.2,0.0,0.0,0.8,1
유희관,두산,04월 17일,1.7,0.8,6.428,nan,0.9113,1.44,0.0,0.4,0.8,4.4,1.0,0.0,0.7,8.1,0.0,0.0,5.48,4.1,1.0,25.2,0.3213,26.8,109.3,0.0,0.0,0.9,5
유희관,두산,04월 22일,1.1,0.2,8.023,nan,1.1848,2.097,0.0,1.5,0.2,4.1,1.0,0.0,0.2,9.4,0.0,0.0,5.16,4.6,1.0,22.2,0.4292,24.8,100.0,0.7,0.0,1.7,6
유희관,두산,04월 28일,3.2,0.1,15.194,nan,1.2715,2.721,0.0,1.1,0.1,2.6,1.0,0.0,0.1,8.4,0.0,0.0,3.62,5.7,1.0,19.3,0.438,20.7,85.2,0.9,0.0,1.2,5
유희관,두산,05월 04일,1.6,0.0,10.408,1.3,0.9531,2.156,0.0,1.1,0.0,1.5,1.0,0.0,0.0,8.9,0.0,0.0,4.67,5.2,1.0,22.5,0.3989,24.4,88.2,1.0,0.0,0.4,6
유희관,두산,05월 25일,2.7,0.0,26.168,nan,1.3143,4.036,0.0,0.3,0.0,1.1,1.0,0.0,0.0,8.2,0.0,0.0,2.16,5.8,1.0,15.7,0.5499,16.2,61.5,0.3,0.0,0.1,3
유희관,두산,05월 31일,2.1,0.0,10.306,nan,0.9269,1.925,0.0,0.1,0.0,2.4,1.0,0.0,0.0,7.4,0.0,0.0,5.02,3.8,1.0,21.8,0.3649,22.7,80.1,0.8,0.0,0.7,2
유희관,두산,06월 06일,1.4,0.0,6.458,nan,0.754,1.493,0.0,1.4,0.0,2.8,1.0,0.0,0.0,5.0,0.0,0.0,4.91,2.6,1.0,20.8,0.2536,22.4,90.4,0.2,0.0,0.9,2
유희관,두산,06월 12일,3.2,0.0,3.202,nan,0.7158,1.156,0.0,1.1,0.0,3.0,1.0,0.0,0.7,5.7,0.0,0.0,5.83,2.1,1.0,22.7,0.2501,23.9,90.4,0.1,0.0,0.3,2
유희관,두산,06월 17일,2.3,0.0,2.737,1.219,0.5965,1.047,0.0,2.5,0.0,2.3,1.0,0.0,0.2,4.4,0.0,0.0,6.61,2.0,1.0,22.1,0.1987,25.3,96.8,0.0,0.0,0.1,6
유희관,두산,06월 23일,4.3,0.0,12.63,1.134,1.1772,2.683,0.0,2.1,0.0,2.1,1.0,0.0,0.1,6.3,0.0,0.0,3.54,4.1,1.0,16.5,0.4125,18.8,66.5,0.7,0.0,0.0,4
유희관,두산,06월 29일,2.6,0.0,8.078,3.767,0.9378,1.763,0.0,1.4,0.0,4.1,1.0,0.0,0.0,6.7,0.0,0.0,4.78,4.0,1.0,21.1,0.331,22.6,85.8,0.2,0.0,0.7,1
유희관,두산,07월 06일,0.9,0.0,4.008,2.15,0.7666,1.551,0.0,1.8,0.0,3.3,1.0,0.0,0.0,6.3,0.0,0.0,5.46,2.0,1.0,20.0,0.3208,22.5,89.8,0.1,0.0,0.2,6
유희관,두산,07월 12일,1.6,0.0,8.495,nan,0.9221,1.807,0.0,0.5,0.0,2.5,1.0,0.0,0.7,8.9,0.0,0.0,5.22,4.8,1.0,23.1,0.3823,25.2,94.6,0.0,0.0,0.8,7
윤규진,한화,04월 22일,0.8,0.0,4.992,4.1,0.7267,1.482,0.0,1.5,0.2,5.1,1.0,0.0,0.7,5.3,0.0,0.0,4.63,2.5,1.0,18.5,0.2863,20.5,92.0,0.1,0.0,0.3,8
윤규진,한화,06월 10일,2.3,0.0,13.185,nan,1.104,2.088,0.0,0.5,0.0,3.0,1.0,0.0,0.2,8.7,0.0,0.0,4.28,6.4,1.0,21.8,0.3939,22.4,85.4,0.7,0.0,1.5,2
윤규진,한화,06월 16일,0.7,0.0,5.483,nan,0.6344,0.981,0.0,0.1,0.0,5.1,1.0,0.0,0.1,5.3,0.0,0.0,6.22,3.2,1.0,23.3,0.2302,23.4,90.3,0.2,0.0,1.1,2
윤규진,한화,06월 22일,1.0,0.0,4.696,nan,0.7826,1.325,0.0,1.4,0.0,6.3,1.0,0.0,0.0,5.3,0.0,0.0,5.31,2.6,1.0,20.4,0.261,21.8,92.4,0.8,0.0,1.1,0
윤규진,한화,06월 28일,0.2,0.0,0.977,nan,0.2891,0.512,0.0,1.1,0.0,7.6,1.0,0.0,0.7,2.1,0.0,0.0,7.3,0.6,1.0,23.7,0.0973,24.8,107.1,0.2,0.0,0.3,1
윤규진,한화,07월 04일,0.8,0.0,1.62,2.51,0.6172,1.59,0.0,3.9,0.0,5.1,1.0,0.0,0.2,4.2,0.0,0.0,5.6,0.9,1.0,20.2,0.2184,24.1,100.6,0.1,0.0,0.1,4
윤규진,한화,07월 10일,1.6,0.7,4.14,2.36,0.754,1.545,0.0,2.5,0.7,4.4,1.0,0.0,0.1,5.3,0.0,0.0,5.3,2.3,1.0,21.0,0.2568,24.2,93.2,0.0,0.0,0.0,1
윤성빈,롯데,04월 13일,0.7,0.0,3.96,1.82,0.8718,1.7,0.0,3.0,0.9,5.4,1.0,0.0,0.7,5.5,0.0,0.0,5.0,2.2,1.0,18.7,0.2934,22.6,98.2,0.1,0.0,0.8,2
윤성빈,롯데,04월 20일,0.2,0.0,3.36,3.7,0.6167,1.061,0.0,2.2,0.3,7.8,1.0,0.0,0.2,3.7,0.0,0.0,5.7,2.1,1.0,19.6,0.1904,22.8,101.2,0.0,0.0,0.9,3
윤성빈,롯데,04월 26일,2.2,0.0,5.685,2.031,0.8007,1.571,0.0,2.8,0.1,5.2,1.0,0.0,0.1,4.0,0.0,0.0,4.5,2.7,1.0,16.4,0.2485,19.5,93.3,0.0,0.0,0.3,5
윤성빈,롯데,05월 09일,1.3,0.0,8.398,1.591,0.8049,1.784,0.0,3.6,0.7,5.2,1.0,0.0,0.0,4.6,0.0,0.0,4.34,4.3,1.0,16.2,0.2875,22.0,91.8,0.7,0.0,0.1,3
윤성빈,롯데,05월 20일,1.2,0.0,6.964,1.783,0.7059,1.534,0.0,1.8,0.2,2.8,1.0,0.0,0.0,4.9,0.0,0.0,4.11,3.4,1.0,17.3,0.2839,19.7,80.3,0.9,0.0,0.0,1
윤성빈,롯데,05월 26일,1.0,0.0,3.47,2.394,0.5873,1.311,0.0,2.7,0.1,6.5,1.0,0.0,0.0,3.6,0.0,0.0,4.74,1.8,1.0,17.1,0.2108,20.1,89.4,0.3,0.0,0.0,3
윤성빈,롯데,06월 26일,1.7,0.0,9.082,2.834,0.9034,2.178,0.0,1.4,0.0,3.9,1.0,0.0,0.0,4.6,0.0,0.0,2.88,2.6,1.0,13.6,0.3551,15.0,68.2,0.8,0.0,0.0,6
윤성환,삼성,04월 14일,0.9,0.0,5.355,nan,0.7837,1.309,0.0,1.8,0.2,5.8,1.0,0.0,0.1,5.7,0.0,0.0,5.82,3.4,1.0,22.1,0.2591,25.0,88.2,0.0,0.0,1.2,6
윤성환,삼성,04월 20일,2.3,0.0,11.25,3.05,1.043,2.009,0.0,1.3,0.1,4.0,1.0,0.0,0.0,7.4,0.0,0.0,4.5,5.3,1.0,20.5,0.3635,22.2,75.8,0.7,0.0,1.1,4
윤성환,삼성,04월 26일,1.4,0.0,7.126,1.6,0.8776,1.785,0.0,1.8,0.0,2.6,1.0,0.0,0.0,8.4,0.0,0.0,5.67,4.3,1.0,25.8,0.3274,27.7,100.7,0.9,0.0,1.0,4
윤성환,삼성,05월 02일,0.5,0.0,6.462,1.2,0.7362,1.567,0.0,1.2,0.0,1.4,1.0,0.0,0.0,8.2,0.0,0.0,5.89,4.2,1.0,25.1,0.3282,27.0,97.1,1.0,0.0,0.3,5
윤성환,삼성,05월 08일,0.8,0.0,8.452,2.4,0.997,2.11,0.0,1.8,1.4,4.6,1.0,0.0,0.0,8.8,0.0,0.0,4.77,4.7,1.0,22.5,0.3964,26.6,94.2,1.0,0.0,0.8,3
윤성환,삼성,05월 16일,2.3,0.0,6.276,1.4,0.9079,2.014,0.0,4.0,1.1,4.8,1.0,0.0,0.7,6.1,0.0,0.0,4.95,3.5,1.0,19.3,0.3124,25.4,105.6,0.3,0.0,0.2,6
윤성환,삼성,05월 22일,1.4,0.0,6.769,nan,0.939,2.211,0.0,1.2,0.4,3.7,1.0,0.0,0.2,8.2,0.0,0.0,4.22,3.2,1.0,19.7,0.4135,22.3,85.9,0.1,0.0,0.1,4
윤성환,삼성,05월 27일,1.2,0.0,6.09,nan,0.9826,1.7,0.0,1.2,0.1,3.9,1.0,0.0,0.1,7.9,0.0,0.0,5.5,3.7,1.0,21.9,0.3614,24.2,93.9,0.0,0.0,1.4,8
윤성환,삼성,06월 13일,3.1,0.0,8.84,nan,1.0793,1.743,0.0,0.9,0.0,2.5,1.0,0.0,0.0,9.5,0.0,0.0,5.87,6.0,1.0,25.5,0.3736,27.4,95.6,0.7,0.0,1.8,8
윤성환,삼성,06월 19일,1.6,0.0,27.79,2.2,1.6405,3.298,0.0,1.0,0.0,2.2,1.0,0.0,0.0,7.7,0.0,0.0,3.22,7.4,1.0,16.8,0.4861,18.1,69.1,0.2,0.0,2.7,5
윤성환,삼성,06월 24일,1.3,0.0,16.07,1.069,1.0947,2.024,0.0,2.4,1.4,2.0,1.0,0.0,0.0,4.5,0.0,0.0,3.81,5.8,1.0,15.8,0.2848,19.7,76.5,0.1,0.0,1.5,4
윤성환,삼성,07월 01일,1.7,0.0,11.247,nan,1.2013,1.897,0.0,0.7,0.4,4.1,1.0,0.0,0.0,6.9,0.0,0.0,3.94,4.6,1.0,18.3,0.3739,19.4,78.2,0.7,0.0,1.9,3
윤성환,삼성,07월 08일,1.2,0.0,7.392,nan,1.1002,1.717,0.0,0.3,0.2,2.6,1.0,0.0,0.0,6.8,0.0,0.0,4.04,3.4,1.0,18.8,0.3576,19.3,71.7,0.9,0.0,1.9,1
이영하,두산,05월 16일,1.4,0.7,5.986,nan,0.8284,1.549,0.0,1.1,0.0,3.7,1.0,0.0,0.2,7.6,0.0,0.0,5.72,3.8,1.0,24.8,0.3028,26.0,96.9,0.0,0.0,0.7,3
이영하,두산,05월 23일,1.1,0.2,4.65,nan,0.7741,1.22,0.0,2.3,0.0,5.3,1.0,0.0,0.8,5.0,0.0,0.0,6.0,3.1,1.0,23.0,0.2122,25.3,100.2,0.0,0.0,1.6,2
이영하,두산,06월 03일,1.0,0.1,1.65,0.8,0.9865,2.081,0.0,2.1,0.7,1.6,1.0,0.0,0.2,3.1,0.0,0.0,2.64,1.1,1.0,11.3,0.3028,14.1,54.2,0.0,0.0,0.5,6
이영하,두산,06월 09일,1.7,0.0,13.05,0.9,1.1453,2.228,0.7,1.4,0.2,1.3,1.0,0.0,0.1,5.0,0.0,0.0,2.94,4.5,1.0,13.2,0.3851,15.5,56.8,0.0,0.0,0.9,0
이용찬,두산,05월 18일,0.0,0.7,2.764,nan,0.5215,0.794,0.0,0.4,0.7,3.0,1.0,0.0,1.0,4.6,0.0,0.0,6.2,1.9,1.0,22.3,0.2009,23.6,90.5,0.0,0.0,0.1,0
이용찬,두산,05월 24일,0.0,0.2,0.857,nan,0.4009,0.732,0.0,0.8,0.2,3.1,1.0,0.0,1.0,3.7,0.0,0.0,6.1,0.6,1.0,21.0,0.1718,22.1,86.5,0.0,0.0,0.0,0
이용찬,두산,05월 30일,0.0,0.1,0.3,nan,0.5157,0.999,0.0,0.9,0.1,2.9,1.0,0.0,1.0,5.9,0.0,0.0,6.7,0.2,1.0,24.3,0.2374,25.3,100.6,0.0,0.0,0.0,3
이용찬,두산,06월 05일,0.0,0.0,2.702,2.3,0.652,0.995,0.0,1.0,0.0,2.3,1.0,0.0,1.0,5.9,0.0,0.0,6.9,2.1,1.0,25.4,0.2305,26.4,94.2,0.0,0.0,1.4,7
이용찬,두산,06월 10일,1.4,0.0,8.332,1.631,0.8805,1.714,0.0,2.4,0.0,3.5,1.0,0.0,0.3,6.8,0.0,0.0,5.6,4.8,1.0,22.5,0.3062,25.6,89.3,0.7,0.0,1.1,0
이용찬,두산,06월 16일,1.1,0.0,2.546,4.666,0.4448,0.801,0.0,1.4,0.0,5.2,1.0,0.0,0.1,3.4,0.0,0.0,6.6,1.5,1.0,22.9,0.1506,24.5,95.7,0.2,0.0,0.4,3
이용찬,두산,06월 22일,1.8,0.0,3.18,6.233,0.6528,1.217,0.0,1.2,0.7,6.5,1.0,0.0,0.7,6.0,0.0,0.0,6.1,2.0,1.0,23.5,0.2551,25.5,96.3,0.1,0.0,0.1,10
이용찬,두산,06월 28일,1.2,0.0,17.785,2.7,1.1154,2.794,0.0,2.4,0.2,4.1,1.0,0.0,0.2,8.6,0.0,0.0,4.14,7.4,1.0,21.8,0.4003,24.4,97.9,0.7,0.0,1.4,0
이용찬,두산,07월 05일,1.8,0.0,5.21,2.65,0.7693,1.662,0.0,2.1,0.1,4.8,1.0,0.0,0.8,6.2,0.0,0.0,5.44,2.2,1.0,22.0,0.2833,24.2,91.6,0.2,0.0,0.4,1
이용찬,두산,07월 11일,3.3,0.0,3.358,nan,0.7415,1.289,0.0,0.7,0.0,4.1,1.0,0.0,0.9,6.9,0.0,0.0,6.42,1.7,1.0,24.7,0.2813,25.4,85.7,0.1,0.0,0.2,0
이재학,NC,04월 15일,0.1,0.0,2.053,5.0,0.4656,0.771,0.0,1.2,0.0,5.6,1.0,0.0,0.2,4.5,0.0,0.0,7.04,1.7,1.0,25.9,0.1727,27.1,108.6,0.0,0.0,0.7,3
이재학,NC,04월 21일,0.0,0.0,3.749,nan,0.7758,1.508,0.0,0.4,0.0,3.2,1.0,0.0,0.1,9.0,0.0,0.0,6.34,2.6,1.0,24.6,0.3701,26.4,98.0,0.7,0.0,0.2,4
이재학,NC,04월 27일,0.7,0.0,8.695,nan,0.8722,2.124,0.0,1.5,0.7,3.8,1.0,0.0,0.0,6.9,0.0,0.0,4.09,3.6,1.0,18.7,0.3726,21.3,87.3,0.9,0.0,0.1,3
이재학,NC,05월 03일,0.2,0.0,3.723,nan,0.6855,1.279,0.0,1.1,0.2,5.9,1.0,0.0,0.0,5.1,0.0,0.0,4.86,1.8,1.0,19.6,0.2608,21.1,93.7,1.0,0.0,0.7,5
이재학,NC,05월 09일,0.8,0.0,6.648,nan,0.747,1.347,0.0,0.4,0.1,6.0,1.0,0.0,0.0,7.0,0.0,0.0,5.55,4.1,1.0,23.8,0.2931,24.3,106.1,0.3,0.0,0.9,4
이재학,NC,05월 15일,0.2,0.0,5.257,nan,0.5941,1.152,0.0,0.8,0.0,5.4,1.0,0.0,0.0,6.9,0.0,0.0,6.62,3.9,1.0,26.1,0.2629,26.9,103.5,0.8,0.0,0.3,1
이재학,NC,05월 20일,1.5,0.0,3.038,nan,0.6059,1.061,0.0,0.2,0.0,4.4,1.0,0.0,0.0,5.7,0.0,0.0,5.5,2.0,1.0,22.0,0.2576,22.2,107.2,0.2,0.0,0.1,4
이재학,NC,05월 26일,1.1,0.0,26.074,nan,1.1664,4.514,0.0,0.8,0.0,2.0,1.0,0.0,0.0,5.2,0.0,0.0,2.4,3.4,1.0,12.3,0.5134,13.1,51.4,0.8,0.0,0.0,0
이재학,NC,06월 01일,1.1,0.0,7.38,nan,0.7011,2.0,0.0,0.9,0.0,4.8,1.0,0.0,0.7,5.0,0.0,0.0,4.9,0.9,1.0,19.7,0.3019,20.6,78.0,0.2,0.0,0.0,4
이재학,NC,06월 08일,1.0,0.0,9.9,2.35,0.9117,1.85,0.0,1.7,1.4,3.4,1.0,0.0,0.2,4.3,0.0,0.0,4.1,3.2,1.0,15.9,0.2928,19.0,79.9,0.8,0.0,0.7,4
이재학,NC,06월 14일,0.3,0.7,5.237,1.25,0.72,1.163,0.0,1.9,0.4,1.9,1.0,0.0,0.1,5.5,0.0,0.0,6.37,3.6,1.0,24.2,0.2305,27.2,97.9,0.9,0.0,0.9,4
이재학,NC,06월 24일,0.1,0.2,16.057,0.481,1.1392,3.518,0.0,2.7,0.2,1.2,1.0,0.0,0.0,3.7,0.0,0.0,2.59,3.3,1.0,12.5,0.3336,15.6,67.6,0.3,0.0,1.0,1
이재학,NC,06월 30일,0.0,0.8,5.444,nan,0.6509,1.506,0.0,0.8,0.0,3.8,1.0,0.0,0.0,4.7,0.0,0.0,5.83,1.7,1.0,22.5,0.2316,23.4,87.8,0.1,0.0,0.3,1
이재학,NC,07월 06일,1.4,0.2,3.543,nan,0.4691,0.872,0.0,0.3,0.0,3.9,1.0,0.0,0.0,2.7,0.0,0.7,5.01,1.2,1.0,17.9,0.1585,18.2,67.2,0.7,0.0,0.1,3
이재학,NC,07월 12일,0.4,0.1,4.269,nan,0.534,0.991,0.0,0.7,0.7,4.1,1.0,0.0,0.0,4.4,0.0,0.2,5.2,2.4,1.0,18.6,0.2374,21.4,93.8,0.9,0.0,0.0,2
임기영,KIA,05월 11일,1.4,0.0,3.84,nan,0.7211,1.34,0.0,1.5,0.8,3.8,1.0,0.0,0.7,5.4,0.0,0.0,5.2,2.2,1.0,20.8,0.26,23.3,102.0,0.3,0.0,0.5,6
임기영,KIA,05월 18일,1.2,0.0,7.32,nan,0.9647,1.78,0.0,1.8,0.2,1.2,1.0,0.0,0.2,8.6,0.0,0.0,5.8,4.8,1.0,24.6,0.3445,27.3,105.1,0.8,0.0,1.6,1
임기영,KIA,05월 24일,0.3,0.0,3.273,4.4,0.5717,1.037,0.0,1.3,1.5,4.6,1.0,0.0,0.8,4.6,0.0,0.0,5.34,2.1,1.0,20.5,0.2126,24.2,98.2,0.2,0.0,0.4,9
임기영,KIA,05월 30일,1.5,0.0,11.396,nan,1.0999,2.281,0.0,0.4,1.8,3.3,1.0,0.0,0.2,10.0,0.0,0.0,4.51,5.7,1.0,22.5,0.4355,25.7,85.6,0.8,0.0,0.9,3
임기영,KIA,06월 23일,1.1,0.0,6.609,nan,1.0269,1.941,0.0,2.2,0.6,2.6,1.0,0.0,0.1,7.6,0.0,0.0,4.91,3.6,1.0,21.9,0.3428,25.0,93.4,0.9,0.0,1.6,4
임기영,KIA,07월 06일,1.1,0.0,5.371,nan,1.084,2.431,0.0,1.3,0.2,2.1,1.0,0.0,0.0,9.6,0.0,0.0,4.3,2.7,1.0,22.8,0.4203,24.4,83.4,1.0,0.0,1.2,4
임기영,KIA,07월 12일,1.0,0.0,6.376,4.667,0.9001,1.676,0.0,1.2,0.0,4.8,1.0,0.0,0.7,6.9,0.0,0.0,4.83,3.5,1.0,20.8,0.3288,22.0,95.7,0.3,0.0,1.1,4
임찬규,LG,04월 15일,0.8,0.0,6.266,2.644,1.0149,2.249,0.0,2.5,0.8,5.6,1.0,0.0,0.1,8.8,0.0,0.0,5.01,3.5,1.0,22.7,0.383,26.9,103.0,0.9,0.0,1.1,3
임찬규,LG,04월 21일,0.9,0.0,4.95,1.117,0.7346,1.73,0.0,3.5,0.2,3.0,1.0,0.0,0.7,6.2,0.0,0.0,5.7,3.1,1.0,22.2,0.2773,26.2,94.3,0.3,0.0,0.3,2
임찬규,LG,04월 27일,1.0,0.0,2.88,3.25,0.7214,1.24,0.0,1.7,1.5,3.9,1.0,0.0,0.9,4.8,0.0,0.0,5.2,1.7,1.0,20.8,0.2271,24.1,94.0,0.1,0.0,0.8,1
임찬규,LG,05월 03일,0.3,0.0,2.07,1.55,0.5191,1.19,0.0,2.7,0.4,3.1,1.0,0.0,1.0,3.4,0.0,0.0,5.1,1.2,1.0,18.8,0.1796,21.9,97.0,0.0,0.0,0.2,4
임찬규,LG,05월 09일,0.8,0.0,4.516,1.069,0.7075,1.334,0.7,2.8,0.2,2.4,1.0,0.0,0.3,5.2,0.0,0.0,5.77,3.1,1.0,21.7,0.2361,25.4,97.0,0.7,0.0,0.8,1
임찬규,LG,05월 16일,1.6,0.0,2.366,nan,0.7054,1.335,0.2,0.9,0.0,4.2,1.0,0.0,0.8,7.1,0.0,0.0,5.92,1.6,1.0,23.9,0.2929,25.0,95.1,0.2,0.0,0.2,2
임찬규,LG,05월 22일,0.5,0.0,3.234,nan,0.6302,1.325,0.1,1.7,0.7,4.0,1.0,0.0,0.2,5.7,0.0,0.0,5.38,2.0,1.0,21.3,0.2651,24.5,102.7,0.1,0.0,0.1,1
임찬규,LG,05월 27일,0.9,0.0,1.876,nan,0.6681,1.445,0.0,3.2,0.9,4.8,1.0,0.0,0.8,5.3,0.0,0.0,5.82,1.2,1.0,20.5,0.257,25.5,99.2,0.0,0.0,0.0,5
임찬규,LG,06월 02일,0.9,0.0,6.546,nan,0.9905,1.222,0.0,1.0,0.3,3.5,1.0,0.0,0.2,5.7,0.0,0.0,5.28,3.9,1.0,21.4,0.2661,23.0,81.3,0.0,0.0,2.8,2
임찬규,LG,06월 08일,1.0,0.0,2.783,nan,0.8508,1.531,0.0,0.4,0.1,5.3,1.0,0.0,0.8,9.4,0.0,0.0,5.96,1.8,1.0,26.7,0.3449,27.3,94.4,0.0,0.0,0.8,2
임찬규,LG,06월 14일,1.0,0.0,3.214,nan,0.7118,1.374,0.0,0.7,0.0,4.3,1.0,0.0,0.9,7.7,0.0,0.0,5.95,2.1,1.0,25.5,0.2991,26.2,102.2,0.0,0.0,0.4,10
임찬규,LG,06월 20일,1.7,0.0,27.734,nan,1.4719,3.728,0.0,2.3,0.7,3.5,1.0,0.0,0.3,8.1,0.0,0.0,3.29,7.5,1.0,17.7,0.4936,20.7,81.8,0.7,0.0,1.4,8
임찬규,LG,07월 04일,1.2,0.0,22.714,1.65,1.4426,3.406,0.0,2.1,1.6,3.1,1.0,0.0,0.1,7.9,0.0,0.0,3.12,7.1,1.0,17.2,0.4719,20.9,75.5,0.9,0.0,1.8,3
장원삼,삼성,05월 11일,1.6,0.0,4.952,nan,0.7749,1.415,0.0,0.6,0.7,4.6,1.0,0.0,0.7,7.7,0.0,0.0,6.3,3.2,1.0,25.6,0.3071,27.1,86.5,0.0,0.0,0.4,1
장원삼,삼성,05월 23일,2.0,0.0,2.617,nan,0.6435,1.213,0.0,1.6,0.2,5.4,1.0,0.0,0.9,5.9,0.0,0.0,6.14,1.7,1.0,24.3,0.2449,26.2,96.3,0.0,0.0,0.1,4
장원삼,삼성,06월 03일,2.6,0.0,5.696,nan,0.7137,1.584,0.0,2.5,0.1,2.4,1.0,0.0,1.0,6.0,0.0,0.0,5.44,3.3,1.0,23.0,0.2613,25.6,97.9,0.0,0.0,0.0,3
장원삼,삼성,06월 09일,0.8,0.0,5.628,0.835,0.6488,1.662,0.0,2.9,0.0,2.2,1.0,0.0,0.3,5.2,0.0,0.0,4.56,3.0,1.0,20.1,0.2595,23.0,102.0,0.0,0.0,0.0,0
장원준,두산,04월 14일,1.1,0.0,10.726,4.7,0.9641,1.78,0.0,1.2,0.7,4.8,1.0,0.0,0.1,6.4,0.0,0.0,4.21,5.1,1.0,18.9,0.3413,21.6,88.3,0.0,0.0,1.0,7
장원준,두산,04월 20일,2.5,0.0,15.575,2.65,1.2669,2.508,0.0,1.8,0.2,4.1,1.0,0.0,0.0,7.6,0.0,0.0,3.38,6.5,1.0,18.8,0.4034,21.0,85.0,0.7,0.0,1.7,1
장원준,두산,04월 26일,1.4,0.0,5.524,2.4,0.8409,1.408,0.0,1.9,0.1,4.2,1.0,0.0,0.7,5.0,0.0,0.0,5.25,2.6,1.0,19.6,0.2575,21.7,86.2,0.2,0.0,1.2,4
장원준,두산,05월 05일,1.9,0.0,8.318,1.3,1.0242,2.048,0.0,3.4,0.0,4.0,1.0,0.0,0.2,5.1,0.0,0.0,4.32,3.7,1.0,17.1,0.3012,20.5,82.4,0.8,0.0,1.1,0
장원준,두산,05월 11일,0.5,0.0,1.95,1.569,0.6218,1.25,0.0,3.1,0.7,4.7,1.0,0.0,0.8,3.5,0.0,0.0,5.6,0.9,1.0,17.8,0.1995,21.6,91.3,0.2,0.0,0.3,7
장원준,두산,05월 19일,0.9,0.0,9.72,2.534,0.8639,1.825,0.0,1.7,0.2,3.5,1.0,0.0,0.2,7.4,0.0,0.0,5.1,5.3,1.0,22.0,0.3272,23.9,95.0,0.8,0.0,0.8,8
장원준,두산,06월 14일,1.6,0.0,32.76,0.998,1.5067,4.28,0.0,2.6,0.8,1.8,1.0,0.0,0.1,6.3,0.0,0.0,2.44,7.0,1.0,13.6,0.5117,17.0,61.1,0.9,0.0,0.9,6
장원준,두산,06월 20일,0.5,0.0,16.991,1.066,1.0821,2.463,0.0,2.1,0.9,1.9,1.0,0.0,0.0,7.0,0.0,0.0,4.31,6.5,1.0,19.1,0.3906,22.1,80.5,0.3,0.0,1.0,6
장원준,두산,06월 26일,0.9,0.0,13.906,1.164,0.9095,2.138,0.0,2.8,1.0,3.3,1.0,0.0,0.0,6.2,0.0,0.0,4.64,6.2,1.0,18.5,0.3478,23.0,89.4,0.8,0.0,0.3,4
장원준,두산,07월 08일,0.9,0.0,9.473,0.366,0.8679,2.104,0.0,2.9,1.0,1.0,1.0,0.0,0.0,6.1,0.0,0.0,4.31,4.6,1.0,17.8,0.3436,21.9,81.2,0.2,0.0,0.1,6
정수민,NC,04월 29일,0.8,0.0,19.44,2.081,1.0897,3.533,0.0,4.6,0.1,3.5,1.0,0.0,0.2,4.5,0.0,0.0,3.57,5.2,1.0,15.7,0.3359,21.1,87.2,0.8,0.0,0.9,5
정수민,NC,05월 04일,0.9,0.0,12.666,2.266,1.0477,2.275,0.0,2.0,0.0,2.6,1.0,0.0,0.1,6.1,0.0,0.0,4.09,4.9,1.0,19.0,0.3361,21.2,81.6,0.9,0.0,1.6,4
정수민,NC,05월 10일,1.0,0.7,9.501,1.833,1.0306,2.024,0.0,1.5,0.0,2.0,1.0,0.0,0.0,7.5,0.0,0.0,4.6,4.5,1.0,21.3,0.3553,23.6,93.9,0.3,0.0,1.2,4
정수민,NC,05월 23일,0.3,0.2,8.688,1.02,1.1965,2.273,0.0,3.8,0.0,2.7,1.0,0.0,0.0,5.8,0.0,0.0,4.23,4.1,1.0,18.5,0.3104,22.5,96.4,0.8,0.0,2.5,5
주권,KT,05월 04일,0.4,0.4,6.603,nan,0.901,1.681,0.0,0.5,0.8,2.9,1.0,0.0,0.7,8.3,0.0,0.0,6.0,3.0,1.0,24.7,0.3472,26.9,87.1,0.1,0.0,1.0,8
주권,KT,05월 10일,1.5,0.2,12.859,nan,1.1605,2.302,0.0,1.6,0.2,3.6,1.0,0.0,0.2,9.5,0.0,0.0,4.74,6.6,1.0,23.5,0.4087,25.6,103.8,0.7,0.0,1.7,2
주권,KT,05월 16일,2.5,0.0,5.105,nan,0.7647,1.363,0.0,1.1,0.1,3.2,1.0,0.0,0.1,7.0,0.0,0.0,5.88,3.1,1.0,24.8,0.2846,26.8,96.4,0.2,0.0,0.5,4
주권,KT,05월 22일,2.2,0.0,5.625,1.969,0.6378,1.258,0.0,2.5,0.0,4.5,1.0,0.0,0.0,4.3,0.0,0.0,5.23,3.3,1.0,19.9,0.2084,23.3,88.6,0.1,0.0,0.2,8
주권,KT,05월 27일,2.1,0.0,11.362,2.034,1.0096,2.151,0.0,2.1,0.0,4.1,1.0,0.0,0.0,8.9,0.0,0.0,5.14,6.4,1.0,24.3,0.3535,26.7,89.2,0.7,0.0,1.4,6
주권,KT,06월 02일,1.3,0.0,14.726,0.917,1.0928,2.733,0.0,2.1,0.7,2.0,1.0,0.0,0.0,8.1,0.0,0.0,3.68,6.1,1.0,18.2,0.4513,21.1,76.8,0.2,0.0,0.4,3
주권,KT,06월 08일,0.4,0.0,8.46,2.4,0.9273,1.7,0.0,1.3,0.9,2.7,1.0,0.0,0.0,6.2,0.0,0.0,4.62,4.1,1.0,20.5,0.3089,22.7,89.2,0.8,0.0,1.6,4
차우찬,LG,04월 19일,0.2,0.1,4.323,1.247,0.6611,1.292,0.0,2.9,0.2,3.7,1.0,0.0,0.8,4.2,0.0,0.0,6.2,2.3,1.0,22.4,0.1995,25.8,97.4,0.2,0.0,1.1,8
차우찬,LG,04월 25일,2.1,0.0,11.688,1.799,1.0609,1.987,0.0,1.6,0.8,2.6,1.0,0.0,0.2,8.4,0.0,0.0,5.3,6.4,1.0,24.2,0.3471,26.7,94.1,0.8,0.0,1.8,1
차우찬,LG,05월 01일,1.3,0.0,4.059,1.933,0.6373,1.226,0.0,1.9,0.2,3.6,1.0,0.0,0.8,5.1,0.0,0.0,5.9,2.4,1.0,22.1,0.2262,24.2,92.6,0.2,0.0,0.5,6
차우찬,LG,05월 06일,0.5,0.7,8.04,2.35,1.0784,1.82,0.0,1.9,0.1,4.5,1.0,0.0,0.2,7.4,0.0,0.0,5.2,4.5,1.0,22.8,0.3218,24.8,89.2,0.8,0.0,2.3,9
차우찬,LG,05월 15일,1.5,0.9,15.033,1.75,1.2303,2.922,0.0,2.0,0.0,3.5,1.0,0.0,0.1,11.1,0.0,0.0,4.47,7.4,1.0,24.2,0.4527,26.9,89.1,0.9,0.0,1.3,2
차우찬,LG,05월 20일,1.1,0.3,6.437,4.05,0.8931,1.69,0.0,1.3,0.0,4.6,1.0,0.0,0.0,8.3,0.0,0.0,6.22,3.7,1.0,25.5,0.3271,27.0,95.9,0.3,0.0,1.2,1
차우찬,LG,05월 26일,0.4,0.1,3.433,2.025,0.7149,1.624,0.0,3.2,0.0,4.8,1.0,0.0,0.7,6.2,0.0,0.0,6.01,2.0,1.0,21.7,0.2808,25.0,103.6,0.1,0.0,0.3,0
차우찬,LG,06월 01일,0.8,0.0,0.557,4.25,0.3558,0.68,0.7,1.6,0.0,5.0,1.0,0.0,0.9,3.1,0.0,0.0,7.5,0.4,1.0,24.8,0.1308,26.4,100.6,0.0,0.0,0.1,1
차우찬,LG,06월 07일,0.2,0.0,1.011,3.575,0.4467,0.8,0.2,2.0,0.0,6.4,1.0,0.0,1.0,3.7,0.0,0.0,7.17,0.8,1.0,25.4,0.1482,27.4,103.3,0.0,0.0,0.7,5
차우찬,LG,06월 13일,3.6,0.0,3.844,4.0,0.7684,1.399,0.1,1.2,0.0,4.7,1.0,0.0,0.3,8.7,0.0,0.0,7.12,3.0,1.0,28.1,0.3038,30.7,111.2,0.0,0.0,0.2,6
차우찬,LG,06월 19일,1.7,0.0,8.711,3.25,1.0507,1.404,0.0,1.8,0.0,5.7,1.0,0.0,0.1,6.1,0.0,0.0,5.61,5.1,1.0,21.0,0.2858,24.6,103.4,0.7,0.0,2.2,0
차우찬,LG,06월 24일,2.1,0.0,2.674,4.85,0.6264,0.997,0.0,1.9,0.0,9.3,1.0,0.0,0.7,4.9,0.0,0.0,6.74,1.6,1.0,25.4,0.1971,27.9,112.7,0.2,0.0,0.6,2
차우찬,LG,06월 30일,0.5,0.0,2.655,2.8,0.6407,0.912,0.7,2.7,0.0,7.0,1.0,0.0,0.2,4.1,0.0,0.0,7.54,2.0,1.0,25.4,0.1652,29.0,109.5,0.1,0.0,1.7,2
차우찬,LG,07월 06일,1.6,0.0,2.55,1.79,0.6798,1.304,0.2,4.3,0.0,6.5,1.0,0.0,0.1,4.0,0.0,0.0,6.52,1.8,1.0,23.3,0.173,28.5,116.0,0.0,0.0,1.1,9
차우찬,LG,07월 12일,2.5,0.0,15.0,0.79,1.1538,3.013,0.1,4.1,0.0,3.2,1.0,0.0,0.0,8.9,0.0,0.0,4.8,6.9,1.0,22.4,0.4018,26.8,106.6,0.7,0.0,1.1,7
최금강,NC,06월 21일,1.4,0.0,5.877,0.442,0.9671,2.661,0.0,3.7,0.1,1.5,1.0,0.0,0.0,4.2,0.0,0.0,2.68,1.9,1.0,12.5,0.3422,17.0,69.0,0.0,0.0,0.0,4
최성영,NC,05월 31일,1.4,0.0,9.442,nan,1.0594,1.776,0.0,3.7,0.0,2.8,1.0,0.0,0.1,4.2,0.0,0.0,4.37,4.6,1.0,15.4,0.275,20.5,88.9,0.7,0.0,1.4,2
최성영,NC,06월 06일,0.5,0.0,6.002,1.97,0.5944,1.236,0.0,2.5,0.0,4.2,1.0,0.0,0.0,2.7,0.0,0.0,4.12,2.8,1.0,14.5,0.1836,17.4,77.8,0.2,0.0,0.4,7
최성영,NC,06월 12일,0.8,0.0,13.171,1.085,1.0219,2.333,0.0,3.7,0.0,3.4,1.0,0.0,0.0,5.7,0.0,0.0,4.01,5.9,1.0,16.1,0.3456,20.7,94.8,0.8,0.0,0.9,3
최원태,넥센,04월 12일,0.9,0.0,7.888,1.7,0.8217,2.245,0.0,3.8,0.9,4.5,1.0,0.0,0.2,7.1,0.0,0.0,4.64,4.2,1.0,21.4,0.332,26.3,106.2,0.8,0.0,0.0,3
최원태,넥센,04월 18일,0.9,0.0,6.008,2.95,0.7885,2.047,0.0,2.5,0.2,6.2,1.0,0.0,0.8,7.7,0.0,0.0,4.94,3.3,1.0,22.6,0.3406,25.4,97.1,0.2,0.0,0.0,1
최원태,넥센,04월 24일,1.0,0.0,2.744,nan,0.3697,0.811,0.0,0.9,0.1,7.5,1.0,0.0,0.2,3.7,0.0,0.7,7.72,1.8,1.0,26.3,0.1526,28.0,94.0,0.8,0.0,0.0,3
최원태,넥센,05월 05일,0.3,0.0,3.722,nan,0.5944,1.238,0.0,1.6,1.4,3.7,1.0,0.0,0.1,6.1,0.0,0.2,6.57,2.6,1.0,24.7,0.2534,28.6,90.0,0.9,0.0,0.0,1
최원태,넥센,05월 13일,0.1,0.0,2.002,nan,0.5301,1.006,0.0,1.1,0.4,6.8,1.0,0.0,0.7,5.1,0.0,0.1,6.32,1.4,1.0,21.6,0.2405,23.4,88.6,0.3,0.0,0.0,1
최원태,넥센,05월 19일,0.7,0.0,1.629,3.1,0.4487,0.741,0.0,1.1,0.9,3.2,1.0,0.0,0.9,3.8,0.0,0.0,6.71,1.2,1.0,21.8,0.1744,23.9,86.0,0.1,0.0,0.0,3
최원태,넥센,05월 25일,0.2,0.0,3.558,1.48,0.7791,1.733,0.0,3.8,0.9,2.6,1.0,0.0,1.0,6.7,0.0,0.0,6.2,2.4,1.0,23.2,0.2853,27.9,98.6,0.0,0.0,0.7,2
최원태,넥센,05월 31일,2.2,0.0,2.828,5.18,0.6755,1.093,0.0,1.8,0.3,5.5,1.0,0.0,1.0,5.4,0.0,0.0,6.8,2.1,1.0,25.2,0.2146,27.3,98.6,0.0,0.0,0.9,4
최원태,넥센,06월 06일,2.0,0.0,5.164,2.49,0.8354,1.558,0.0,2.1,0.1,3.7,1.0,0.0,0.3,7.4,0.0,0.0,6.2,3.5,1.0,25.1,0.2957,28.0,105.8,0.7,0.0,1.0,6
최원태,넥센,06월 12일,1.4,0.0,11.768,1.231,1.2962,2.52,0.0,2.6,0.7,2.0,1.0,0.0,0.1,7.7,0.0,0.0,4.14,5.2,1.0,18.8,0.4332,23.0,74.9,0.9,0.0,1.7,2
최원태,넥센,06월 17일,1.8,0.0,4.596,nan,0.8564,1.586,0.0,0.8,0.2,3.3,1.0,0.0,0.0,7.3,0.0,0.0,5.44,2.3,1.0,22.5,0.3364,23.8,87.6,0.3,0.0,0.5,1
최원태,넥센,06월 23일,1.9,0.0,3.033,nan,0.9164,1.794,0.0,2.4,1.5,3.0,1.0,0.0,0.7,6.4,0.0,0.0,5.02,1.5,1.0,19.0,0.3415,24.4,86.2,0.1,0.0,0.2,2
최원태,넥센,06월 29일,2.0,0.0,2.61,nan,0.6953,1.296,0.0,1.3,0.4,4.5,1.0,0.0,0.9,6.1,0.0,0.0,5.8,1.7,1.0,22.1,0.2785,24.9,86.3,0.0,0.0,0.0,4
최원태,넥센,07월 05일,2.0,0.0,4.56,nan,0.7111,1.149,0.0,0.5,0.2,3.4,1.0,0.0,1.0,6.7,0.0,0.0,6.04,3.3,1.0,25.3,0.2668,26.4,95.1,0.0,0.0,0.7,0
최원태,넥센,07월 11일,1.3,0.0,1.38,nan,0.5163,0.908,0.0,0.8,0.0,8.8,1.0,0.0,1.0,4.8,0.0,0.0,6.04,1.0,1.0,23.1,0.2053,24.0,101.1,0.0,0.0,0.2,4
켈리,SK,04월 26일,1.6,0.0,14.715,nan,0.8632,2.346,0.0,2.4,0.7,4.7,1.0,0.0,0.2,4.5,0.0,0.0,3.24,4.5,1.0,15.2,0.3181,18.3,82.4,0.7,0.0,0.0,0
켈리,SK,05월 02일,0.4,0.0,4.05,nan,0.5353,1.235,0.0,1.3,0.2,6.3,1.0,0.0,0.8,4.7,0.0,0.0,5.94,1.2,1.0,22.1,0.227,23.6,92.4,0.2,0.0,0.0,4
켈리,SK,05월 08일,1.6,0.7,7.065,3.131,0.9455,2.012,0.0,2.6,0.1,6.6,1.0,0.0,0.9,7.1,0.0,0.0,5.12,3.4,1.0,22.4,0.3221,25.1,94.3,0.1,0.0,0.7,4
켈리,SK,05월 15일,1.1,0.2,5.64,3.266,0.7831,1.457,0.0,2.1,0.7,6.3,1.0,0.0,0.3,6.3,0.0,0.0,5.9,3.6,1.0,23.9,0.2646,26.7,99.5,0.7,0.0,0.9,3
켈리,SK,05월 20일,1.1,0.1,5.7,4.333,0.898,1.606,0.0,1.4,0.9,5.4,1.0,0.0,0.1,6.9,0.0,0.0,5.2,3.3,1.0,21.8,0.3179,24.1,98.3,0.2,0.0,1.0,6
켈리,SK,05월 26일,3.1,0.0,10.402,nan,1.2471,2.231,0.0,0.4,1.0,3.0,1.0,0.0,0.0,9.7,0.0,0.0,4.47,5.2,1.0,22.7,0.4262,24.1,77.3,0.8,0.0,1.7,2
켈리,SK,06월 01일,2.3,0.0,4.831,nan,0.7983,1.165,0.0,0.8,1.0,7.9,1.0,0.0,0.7,5.7,0.0,0.0,6.22,2.9,1.0,23.5,0.2458,25.3,97.6,0.2,0.0,1.2,1
켈리,SK,06월 07일,1.5,0.0,2.663,nan,0.693,0.998,0.0,0.2,0.3,8.5,1.0,0.0,0.9,6.1,0.0,0.0,6.71,1.7,1.0,25.3,0.2429,25.8,94.5,0.1,0.0,1.1,4
켈리,SK,06월 13일,0.4,1.4,4.715,nan,0.8619,1.524,0.0,2.2,0.1,4.2,1.0,0.0,0.3,7.2,0.0,0.0,6.3,3.2,1.0,23.0,0.3177,26.7,91.9,0.7,0.0,0.3,3
켈리,SK,06월 19일,0.8,0.4,3.429,nan,0.5283,1.033,0.0,2.7,0.7,4.1,1.0,0.0,0.8,3.6,0.0,0.0,6.1,2.3,1.0,21.0,0.1659,25.5,94.5,0.2,0.0,0.1,6
켈리,SK,06월 24일,0.2,0.2,16.95,0.858,1.1374,3.849,0.0,3.7,0.2,3.1,1.0,0.0,0.2,5.4,0.0,0.0,3.2,4.3,1.0,14.6,0.4064,18.9,75.0,0.1,0.0,0.7,4
켈리,SK,06월 30일,1.5,0.0,8.58,2.152,0.8432,2.028,0.0,3.2,0.8,6.6,1.0,0.0,0.1,5.6,0.0,0.0,5.34,4.0,1.0,22.6,0.2717,26.7,104.9,0.7,0.0,0.9,3
켈리,SK,07월 07일,1.1,0.0,6.48,3.059,0.799,1.589,0.0,2.4,0.9,6.8,1.0,0.0,0.0,5.3,0.0,0.0,5.64,3.4,1.0,21.8,0.2551,25.1,84.0,0.2,0.0,1.0,3
팻딘,KIA,04월 17일,1.7,0.0,3.676,3.7,0.7504,1.545,0.7,1.0,0.0,3.7,1.0,0.0,0.1,8.4,0.0,0.0,5.9,2.4,1.0,25.9,0.3217,27.6,94.4,0.0,0.0,0.2,3
팻딘,KIA,04월 22일,1.2,0.0,3.512,2.5,0.7822,1.554,0.2,2.4,0.0,5.3,1.0,0.0,0.0,6.9,0.0,0.0,5.93,2.3,1.0,23.9,0.2868,27.2,107.3,0.0,0.0,0.8,1
팻딘,KIA,04월 28일,1.8,0.0,1.787,2.55,0.6061,1.158,0.1,2.1,0.0,5.1,1.0,0.0,0.7,5.6,0.0,0.0,6.71,1.3,1.0,24.8,0.2255,27.2,91.3,0.0,0.0,0.2,5
팻딘,KIA,05월 04일,2.6,0.0,5.808,4.9,0.8237,1.519,0.0,1.4,0.0,5.8,1.0,0.0,0.2,7.9,0.0,0.0,6.2,3.9,1.0,26.2,0.2992,27.7,96.8,0.7,0.0,0.8,3
팻딘,KIA,05월 10일,2.2,0.0,4.961,nan,0.9365,1.547,0.0,0.4,0.0,5.9,1.0,0.0,0.1,8.6,0.0,0.0,5.54,3.2,1.0,26.1,0.3288,26.5,103.0,0.2,0.0,1.6,3
팻딘,KIA,05월 17일,1.4,0.0,4.537,nan,0.8513,1.85,0.0,0.8,0.0,3.2,1.0,0.0,0.0,11.1,0.0,0.0,5.98,3.2,1.0,30.3,0.365,31.1,106.1,0.1,0.0,0.5,7
팻딘,KIA,05월 23일,1.1,0.0,8.251,nan,0.96,1.767,0.0,0.2,0.0,5.2,1.0,0.0,0.0,11.0,0.0,0.0,6.03,5.8,1.0,29.3,0.3749,29.5,108.4,0.7,0.0,1.6,4
팻딘,KIA,05월 29일,1.7,0.0,6.595,nan,0.7595,1.243,0.0,0.8,0.0,3.5,1.0,0.0,0.0,6.9,0.0,0.0,6.04,4.5,1.0,25.1,0.2652,25.9,94.8,0.2,0.0,1.1,7
팻딘,KIA,06월 03일,0.5,0.7,13.22,nan,1.3024,2.474,0.0,0.9,0.0,3.3,1.0,0.0,0.0,9.8,0.0,0.0,4.61,6.4,1.0,22.9,0.4313,23.8,86.1,0.8,0.0,2.5,5
팻딘,KIA,06월 09일,0.2,0.2,11.016,3.0,1.0442,2.317,0.0,1.7,0.0,5.1,1.0,0.0,0.0,8.3,0.0,0.0,4.27,5.3,1.0,21.4,0.3884,23.1,79.2,0.2,0.0,1.4,2
팻딘,KIA,06월 15일,1.4,0.1,6.353,3.7,0.8935,1.812,0.0,1.2,0.7,4.3,1.0,0.0,0.0,6.9,0.0,0.0,4.16,3.1,1.0,19.7,0.3474,22.3,81.7,0.1,0.0,0.5,2
팻딘,KIA,06월 21일,0.4,0.0,3.609,2.5,0.6477,1.133,0.0,1.1,0.2,2.8,1.0,0.0,0.0,5.5,0.0,0.0,6.15,2.3,1.0,22.7,0.2469,24.9,90.8,0.0,0.0,0.8,7
팻딘,KIA,07월 07일,0.9,0.0,9.72,2.2,0.899,1.582,0.0,1.7,0.1,3.6,1.0,0.0,0.0,6.5,0.0,0.0,5.32,5.5,1.0,22.1,0.2958,24.2,91.7,0.7,0.0,1.6,7
피어밴드,KT,04월 13일,1.7,0.0,3.239,5.7,0.6237,1.182,0.0,1.6,0.1,6.6,1.0,0.0,0.7,5.5,0.0,0.0,6.4,2.2,1.0,23.7,0.2364,25.7,94.0,0.2,0.0,0.2,3
피어밴드,KT,04월 19일,0.5,0.0,3.42,5.75,0.4704,0.722,0.0,1.3,0.7,6.2,1.0,0.0,0.2,3.7,0.0,0.7,7.5,2.8,1.0,25.9,0.1477,28.7,99.3,0.8,0.0,0.8,4
피어밴드,KT,04월 25일,0.2,0.0,3.635,8.2,0.5144,0.683,0.0,1.0,0.2,8.2,1.0,0.0,0.1,3.9,0.0,0.2,7.2,2.9,1.0,26.8,0.1458,28.2,102.6,0.2,0.0,1.6,4
피어밴드,KT,05월 01일,0.7,0.0,5.31,5.2,0.8017,1.473,0.0,1.0,0.8,5.2,1.0,0.0,0.0,8.1,0.0,0.1,6.4,3.7,1.0,27.0,0.2997,29.6,108.0,0.1,0.0,1.2,4
피어밴드,KT,05월 31일,1.6,0.0,7.886,5.2,1.1429,2.187,0.0,1.0,0.9,5.2,1.0,0.0,0.0,8.7,0.0,0.0,4.7,3.9,1.0,22.8,0.3891,24.9,94.0,0.7,0.0,1.8,4
피어밴드,KT,06월 06일,1.2,0.0,5.55,nan,0.8373,1.614,0.0,0.3,0.3,4.2,1.0,0.0,0.0,8.4,0.0,0.0,5.6,3.3,1.0,23.7,0.3559,25.1,85.3,0.9,0.0,0.5,2
피어밴드,KT,06월 12일,0.4,0.0,2.745,nan,0.7074,1.251,0.0,1.5,0.1,5.5,1.0,0.0,0.0,6.0,0.0,0.0,5.94,1.7,1.0,23.0,0.2614,25.5,95.7,0.3,0.0,0.9,2
피어밴드,KT,06월 17일,0.8,0.0,2.519,nan,0.6648,1.043,0.0,1.8,0.0,3.7,1.0,0.0,0.0,5.3,0.0,0.0,6.74,1.9,1.0,23.1,0.2286,25.2,98.3,0.1,0.0,0.9,3
피어밴드,KT,06월 23일,0.2,0.0,3.351,3.4,0.7402,1.103,0.0,2.0,0.0,6.8,1.0,0.0,0.0,5.7,0.0,0.0,6.92,2.6,1.0,24.4,0.2331,26.5,116.2,0.0,0.0,1.7,6
피어밴드,KT,07월 04일,0.1,0.0,6.279,1.65,0.8068,1.497,0.0,4.1,0.0,5.4,1.0,0.0,0.0,5.2,0.0,0.0,6.3,4.3,1.0,23.4,0.2216,28.2,117.9,0.7,0.0,1.9,5
피어밴드,KT,07월 10일,0.7,0.0,7.136,2.0,0.8193,1.848,0.0,2.6,0.0,4.6,1.0,0.0,0.7,8.6,0.0,0.0,6.1,4.8,1.0,26.0,0.3264,28.8,107.5,0.2,0.0,0.6,1
한승혁,KIA,05월 03일,1.1,0.7,5.068,3.25,0.7847,1.23,0.0,1.7,0.2,4.2,1.0,0.0,0.7,4.8,0.0,0.0,5.54,2.9,1.0,21.4,0.2283,23.3,92.1,0.2,0.0,1.1,3
한승혁,KIA,05월 09일,0.4,0.2,2.84,2.325,0.7894,1.638,0.0,2.7,0.1,5.5,1.0,0.0,0.2,7.1,0.0,0.0,5.88,1.7,1.0,25.2,0.2804,28.0,100.9,0.1,0.0,1.0,7
한승혁,KIA,05월 16일,1.5,0.8,13.814,1.731,1.0536,2.531,0.0,2.8,0.0,4.4,1.0,0.0,0.1,6.9,0.0,0.0,3.99,5.3,1.0,18.8,0.384,22.3,96.3,0.7,0.0,0.3,5
한승혁,KIA,05월 22일,0.4,0.2,17.425,0.697,0.8484,2.573,0.0,3.0,0.0,2.1,1.0,0.0,0.0,4.3,0.0,0.0,2.7,5.0,1.0,12.9,0.3272,16.1,62.3,0.2,0.0,0.1,4
한승혁,KIA,05월 27일,0.2,0.8,8.898,1.249,0.6716,1.395,0.0,2.3,0.0,2.7,1.0,0.0,0.7,3.4,0.0,0.0,4.93,3.8,1.0,19.0,0.199,21.4,80.5,0.1,0.0,0.7,1
한승혁,KIA,06월 05일,0.0,0.2,3.774,1.383,0.514,1.053,0.0,2.1,0.7,2.8,1.0,0.0,0.9,3.7,0.0,0.0,5.75,1.8,1.0,20.8,0.1846,23.6,81.8,0.0,0.0,0.2,1
한승혁,KIA,06월 16일,0.0,0.1,1.98,1.5,0.5241,1.103,0.0,2.0,0.2,3.0,1.0,0.0,1.0,3.9,0.0,0.0,5.34,1.2,1.0,18.5,0.2145,21.4,86.7,0.0,0.0,0.1,2
한승혁,KIA,07월 04일,0.0,0.0,3.197,0.975,0.6082,1.527,0.0,3.4,0.1,3.0,1.0,0.0,0.3,4.0,0.0,0.0,4.56,1.7,1.0,16.8,0.2402,20.5,87.5,0.0,0.0,0.0,4
한승혁,KIA,07월 10일,2.8,0.0,5.992,1.231,0.8737,2.002,0.7,3.1,0.0,3.7,1.0,0.0,0.1,6.8,0.0,0.0,4.84,3.3,1.0,20.3,0.3283,24.2,86.5,0.0,0.0,0.0,7
한현희,넥센,04월 15일,1.4,0.0,4.16,2.25,0.9197,1.553,0.0,1.7,0.7,3.3,1.0,0.0,0.3,7.3,0.0,0.0,5.57,2.7,1.0,24.3,0.3034,26.8,91.8,0.0,0.0,1.6,2
한현희,넥센,04월 21일,2.6,0.0,3.297,2.2,0.7852,1.486,0.0,2.6,0.2,5.3,1.0,0.0,0.1,6.3,0.0,0.0,5.95,2.2,1.0,23.6,0.2678,26.4,94.4,0.7,0.0,0.5,3
한현희,넥센,04월 27일,1.4,0.0,3.911,1.6,0.738,1.317,0.0,2.2,0.1,3.6,1.0,0.0,0.0,6.2,0.0,0.0,6.06,2.8,1.0,24.5,0.2535,26.8,106.2,0.2,0.0,0.9,7
한현희,넥센,05월 03일,1.9,0.7,8.46,2.6,1.1139,1.559,0.0,1.4,0.7,3.3,1.0,0.0,0.0,8.1,0.0,0.0,6.04,5.7,1.0,22.7,0.3604,27.6,99.0,0.8,0.0,1.6,8
한현희,넥센,05월 11일,2.6,0.2,10.905,2.15,1.0207,1.735,0.0,1.8,0.9,3.7,1.0,0.0,0.7,8.7,0.0,0.0,6.02,7.3,1.0,25.1,0.348,28.6,100.3,0.2,0.0,1.2,5
한현희,넥센,05월 18일,2.2,0.1,7.23,2.1,0.9891,1.793,0.0,1.9,1.0,3.9,1.0,0.0,0.9,7.6,0.0,0.0,5.3,4.4,1.0,22.8,0.3327,26.1,98.2,0.1,0.0,1.1,2
한현희,넥센,05월 24일,1.4,0.0,3.183,2.0,0.7622,1.446,0.0,2.0,1.0,4.0,1.0,0.0,0.3,7.2,0.0,0.0,6.5,2.1,1.0,24.5,0.2942,28.2,98.2,0.7,0.0,0.3,3
한현희,넥센,05월 30일,1.1,0.0,4.578,0.6,0.9937,2.118,0.0,2.7,1.0,1.2,1.0,0.0,0.1,8.4,0.0,0.0,5.4,2.6,1.0,22.6,0.3741,26.5,96.6,0.9,0.0,0.8,1
한현희,넥센,06월 05일,0.3,0.7,2.259,0.55,0.8046,1.778,0.0,3.6,1.0,1.8,1.0,0.0,0.7,6.7,0.0,0.0,5.9,1.4,1.0,23.0,0.2925,27.7,103.9,0.3,0.0,0.2,5
한현희,넥센,06월 10일,0.1,0.2,5.565,2.9,0.8936,1.624,0.0,1.8,1.7,3.2,1.0,0.0,0.9,8.4,0.0,0.0,6.04,4.0,1.0,24.3,0.3451,27.8,100.3,0.1,0.0,0.8,1
한현희,넥센,06월 16일,0.7,0.1,2.403,nan,0.5919,0.866,0.0,0.6,0.5,6.6,1.0,0.0,1.0,5.2,0.0,0.0,6.74,1.8,1.0,24.8,0.2101,25.9,92.1,0.0,0.0,0.9,1
한현희,넥센,06월 22일,0.9,0.0,1.836,nan,0.483,0.761,0.0,0.1,0.2,4.8,1.0,0.0,1.0,5.2,0.0,0.0,6.92,1.4,1.0,25.7,0.2024,26.0,94.0,0.0,0.0,0.3,7
한현희,넥센,06월 28일,2.4,0.7,6.687,nan,0.8606,1.396,0.0,0.7,0.7,5.8,1.0,0.0,0.3,9.1,0.0,0.0,7.0,5.2,1.0,28.7,0.3113,30.1,103.4,0.7,0.0,0.8,5
한현희,넥센,07월 04일,2.1,0.2,7.179,nan,0.8334,1.582,0.0,0.9,0.9,3.0,1.0,0.0,0.1,9.0,0.0,0.0,6.3,5.0,1.0,26.1,0.3446,28.6,98.3,0.2,0.0,0.2,0
한현희,넥센,07월 10일,1.4,0.1,2.4,4.5,0.678,1.303,0.0,1.0,0.3,4.5,1.0,0.0,0.0,7.8,0.0,0.0,6.8,1.7,1.0,26.9,0.29,28.4,90.2,0.1,0.0,0.1,1
헥터,KIA,04월 12일,1.4,0.0,3.977,nan,0.7333,1.455,0.0,0.5,0.0,7.7,1.0,0.0,0.9,9.1,0.0,0.0,6.61,2.9,1.0,28.2,0.3206,28.7,101.1,0.0,0.0,0.2,7
헥터,KIA,04월 18일,2.6,0.0,23.122,nan,1.308,3.219,0.0,0.9,0.0,3.6,1.0,0.0,0.3,7.5,0.0,0.0,3.4,5.7,1.0,17.5,0.4689,18.4,71.2,0.7,0.0,0.7,3
헥터,KIA,04월 25일,1.4,0.0,6.686,nan,0.9288,2.224,0.0,1.6,0.0,2.0,1.0,0.0,0.1,8.7,0.0,0.0,5.3,1.7,1.0,23.8,0.3833,26.1,89.2,0.2,0.0,0.2,2
헥터,KIA,05월 01일,0.5,0.0,4.949,3.1,0.6305,1.263,0.0,1.2,0.0,3.2,1.0,0.0,0.0,5.3,0.0,0.0,6.3,2.1,1.0,24.7,0.2309,26.1,100.8,0.1,0.0,0.8,2
헥터,KIA,05월 06일,2.2,0.0,2.614,3.65,0.7741,1.494,0.0,1.1,0.0,3.7,1.0,0.0,0.0,8.0,0.0,0.0,6.2,1.8,1.0,25.3,0.3174,27.2,95.7,0.7,0.0,0.2,3
헥터,KIA,05월 13일,2.0,0.0,3.559,7.5,0.7567,1.105,0.0,1.0,0.0,7.5,1.0,0.0,0.7,6.4,0.0,0.0,6.8,2.7,1.0,26.5,0.2428,27.7,97.8,0.2,0.0,1.5,7
헥터,KIA,05월 19일,2.1,0.0,13.672,3.6,1.0348,2.698,0.0,1.0,0.7,3.6,1.0,0.0,0.2,8.4,0.0,0.0,4.1,5.0,1.0,20.5,0.4304,23.0,89.7,0.1,0.0,0.4,1
헥터,KIA,05월 25일,1.3,0.0,4.686,nan,0.6042,1.074,0.0,0.3,0.2,2.0,1.0,0.0,0.8,5.2,0.0,0.7,7.6,2.2,1.0,25.9,0.2223,26.6,93.7,0.0,0.0,0.9,2
헥터,KIA,05월 31일,0.4,0.0,3.89,nan,0.7866,1.471,0.0,0.1,0.1,5.3,1.0,0.0,0.9,8.7,0.0,0.2,6.44,2.2,1.0,26.3,0.3376,27.3,107.5,0.0,0.0,0.9,0
헥터,KIA,06월 06일,0.1,0.0,0.64,nan,0.4326,0.743,0.0,0.7,0.7,6.4,1.0,0.0,1.0,4.5,0.0,0.1,7.04,0.5,1.0,25.0,0.1758,26.6,98.8,0.0,0.0,0.3,2
헥터,KIA,06월 17일,0.0,0.0,1.845,nan,0.7472,1.139,0.0,3.0,0.2,4.9,1.0,0.0,1.0,5.8,0.0,0.0,7.62,1.6,1.0,24.3,0.237,27.6,96.9,0.0,0.0,1.5,6
헥터,KIA,06월 22일,1.4,0.0,16.2,nan,1.2804,2.757,0.0,0.9,0.1,2.9,1.0,0.0,0.3,6.4,0.0,0.0,3.7,3.9,1.0,15.6,0.4706,17.3,58.6,0.7,0.0,1.1,4
헥터,KIA,06월 29일,1.1,0.0,8.323,nan,0.9535,1.623,0.0,1.1,0.7,5.0,1.0,0.0,0.8,6.9,0.0,0.0,6.1,4.0,1.0,24.4,0.3166,26.4,94.4,0.2,0.0,1.8,4
헥터,KIA,07월 05일,0.4,0.0,6.876,nan,0.7794,1.677,0.0,1.6,0.2,4.2,1.0,0.0,0.2,8.4,0.0,0.0,6.5,4.1,1.0,27.1,0.3253,29.0,101.7,0.1,0.0,0.5,5
헥터,KIA,07월 11일,0.1,0.0,6.267,3.8,0.7149,1.478,0.0,1.2,0.1,4.2,1.0,0.0,0.1,8.8,0.0,0.0,6.44,4.7,1.0,26.8,0.3292,29.5,110.2,0.7,0.0,0.2,4
후랭코프,두산,04월 15일,1.4,0.0,1.08,6.0,0.4584,0.76,0.0,1.6,0.0,6.6,1.0,0.0,0.8,2.6,0.0,0.0,5.8,0.6,1.0,19.8,0.1326,21.4,86.7,0.0,0.0,0.4,0
후랭코프,두산,04월 21일,0.4,0.0,0.54,2.55,0.3777,0.861,0.0,3.4,0.7,6.0,1.0,0.0,0.9,1.6,0.0,0.0,5.9,0.3,1.0,19.2,0.0834,23.3,101.8,0.0,0.0,0.2,2
후랭코프,두산,04월 27일,0.9,0.0,2.1,1.7,0.5877,1.035,0.0,3.0,0.2,4.0,1.0,0.0,1.0,3.2,0.0,0.0,6.0,1.4,1.0,19.8,0.1606,23.0,101.7,0.0,0.0,0.7,2
후랭코프,두산,05월 03일,0.2,0.0,3.12,1.981,0.5603,1.297,0.0,3.1,0.1,6.1,1.0,0.0,1.0,3.7,0.0,0.0,5.3,1.8,1.0,18.5,0.2007,22.4,102.0,0.0,0.0,0.2,1
후랭코프,두산,05월 09일,0.1,0.0,2.07,1.266,0.4973,1.097,0.0,3.7,1.4,4.5,1.0,0.0,0.3,2.6,0.0,0.0,5.8,1.3,1.0,17.5,0.147,23.5,105.4,0.0,0.0,0.1,5
후랭코프,두산,05월 15일,0.0,0.0,6.96,1.308,0.6638,1.74,0.0,3.9,1.1,5.0,1.0,0.0,0.8,5.0,0.0,0.0,5.2,3.9,1.0,19.2,0.2558,24.5,101.5,0.0,0.0,0.0,3
후랭코프,두산,05월 22일,0.7,0.0,5.1,1.281,0.6845,1.2,0.0,3.3,1.8,4.2,1.0,0.0,0.2,3.5,0.0,0.0,5.8,3.2,1.0,19.0,0.1824,24.2,95.1,0.0,0.0,0.7,6
후랭코프,두산,05월 27일,0.2,0.0,12.111,1.091,1.109,2.311,0.0,2.4,0.5,2.7,1.0,0.0,0.1,6.8,0.0,0.0,3.94,5.3,1.0,18.4,0.3724,21.3,93.5,0.0,0.0,1.6,0
후랭코프,두산,06월 02일,0.8,0.0,3.396,4.533,0.5659,1.066,0.0,1.4,0.2,5.0,1.0,0.0,0.7,3.3,0.0,0.0,4.74,1.5,1.0,17.4,0.1872,19.0,98.5,0.0,0.0,0.5,0
후랭코프,두산,06월 08일,0.9,0.0,1.473,2.0,0.6031,1.093,0.0,1.8,0.7,2.8,1.0,0.0,0.9,4.0,0.0,0.0,5.52,0.6,1.0,18.5,0.2157,21.0,96.7,0.0,0.0,0.2,1
후랭코프,두산,06월 15일,1.0,0.0,1.05,6.4,0.5838,0.96,0.0,1.2,1.6,6.6,1.0,0.0,1.0,4.5,0.0,0.0,5.9,0.7,1.0,20.2,0.2206,23.7,105.6,0.0,0.0,0.0,0
후랭코프,두산,06월 21일,0.3,0.0,0.3,2.631,0.3387,0.769,0.0,2.5,0.5,4.6,1.0,0.0,1.0,2.1,0.0,0.0,6.0,0.2,1.0,20.1,0.1037,23.3,90.9,0.0,0.0,0.0,1
후랭코프,두산,06월 27일,0.1,0.0,1.2,3.516,0.4588,0.815,0.7,2.1,0.2,6.5,1.0,0.0,1.0,2.8,0.0,0.0,6.0,0.8,1.0,20.8,0.1339,23.2,95.1,0.0,0.0,0.7,3
후랭코프,두산,07월 04일,0.7,0.0,3.45,2.583,0.5528,0.933,0.2,2.1,0.0,5.3,1.0,0.0,1.0,3.5,0.0,0.0,6.0,2.3,1.0,21.6,0.161,23.7,102.6,0.0,0.0,0.9,2
후랭코프,두산,07월 10일,0.2,0.0,2.849,2.95,0.5917,0.885,0.1,2.0,0.7,5.9,1.0,0.0,1.0,3.9,0.0,0.0,6.7,2.1,1.0,21.9,0.1781,24.6,105.9,0.0,0.0,1.0,7
휠러,한화,04월 13일,0.8,0.0,11.551,1.55,1.0874,2.235,0.2,3.7,0.3,4.1,1.0,0.0,0.1,6.3,0.0,0.0,4.41,5.7,1.0,19.8,0.3205,23.8,98.3,0.2,0.0,1.9,3
휠러,한화,04월 19일,0.9,0.0,7.622,3.775,0.9025,2.101,0.1,1.9,0.1,4.6,1.0,0.0,0.0,8.2,0.0,0.0,4.74,4.0,1.0,22.5,0.3619,25.2,108.7,0.8,0.0,0.6,3
휠러,한화,04월 26일,1.0,0.0,6.379,2.5,0.8542,2.152,0.0,2.0,0.0,4.2,1.0,0.0,0.0,8.1,0.0,0.0,4.35,3.3,1.0,22.2,0.3648,24.4,104.2,0.9,0.0,0.2,1
휠러,한화,05월 02일,0.3,0.0,2.748,nan,0.729,1.678,0.0,0.5,0.7,2.0,1.0,0.0,0.0,8.8,0.0,0.0,5.54,1.6,1.0,25.7,0.3434,27.0,102.5,0.3,0.0,0.0,3
휠러,한화,05월 09일,0.1,0.0,3.581,nan,0.6247,1.116,0.0,0.2,0.2,4.8,1.0,0.0,0.0,6.8,0.0,0.0,6.52,2.6,1.0,25.8,0.2647,26.2,99.7,0.1,0.0,0.7,0
휠러,한화,05월 15일,0.0,0.0,0.922,nan,0.6024,1.239,0.0,1.4,0.1,6.9,1.0,0.0,0.7,5.6,0.0,0.0,5.57,0.7,1.0,21.2,0.2636,22.7,103.4,0.0,0.0,0.2,1
휠러,한화,05월 20일,0.0,0.0,1.289,nan,0.455,0.95,0.0,1.8,0.0,8.5,1.0,0.0,0.2,4.4,0.0,0.0,6.62,1.0,1.0,23.2,0.1926,25.0,112.1,0.7,0.0,0.1,4
휠러,한화,05월 26일,1.4,0.0,4.458,4.1,0.725,1.472,0.0,1.3,1.4,5.4,1.0,0.0,0.1,7.6,0.0,0.0,6.11,3.0,1.0,24.9,0.3019,27.6,105.1,0.9,0.0,0.0,6
휠러,한화,06월 01일,2.5,0.0,11.64,1.95,1.1122,2.905,0.0,2.5,1.1,3.8,1.0,0.0,0.0,9.2,0.0,0.0,4.14,5.1,1.0,20.9,0.4541,24.5,84.5,1.0,0.0,0.0,6
휠러,한화,06월 07일,2.9,0.0,11.106,3.4,1.1221,2.277,0.0,1.4,1.8,3.8,1.0,0.0,0.0,9.2,0.0,0.0,4.74,5.8,1.0,22.5,0.4135,26.4,92.4,0.3,0.0,0.7,4
휠러,한화,06월 13일,0.9,0.0,5.999,7.2,1.0402,1.805,0.0,1.2,0.5,7.4,1.0,0.0,0.0,7.7,0.0,0.0,4.89,3.2,1.0,21.2,0.3639,23.1,90.4,0.1,0.0,1.6,3
휠러,한화,06월 19일,1.0,0.0,5.298,4.3,0.8078,1.417,0.0,1.0,0.9,4.3,1.0,0.0,0.0,6.5,0.0,0.0,5.09,3.1,1.0,20.5,0.3157,22.5,92.2,0.7,0.0,0.5,4
휠러,한화,06월 24일,0.9,0.0,5.795,3.6,0.7843,1.651,0.0,1.7,0.2,5.7,1.0,0.0,0.0,7.5,0.0,0.0,5.17,3.6,1.0,22.2,0.3369,24.8,104.5,0.9,0.0,0.2,2
휠러,한화,06월 30일,0.3,0.0,4.478,2.3,0.8979,1.983,0.0,1.9,0.1,4.3,1.0,0.0,0.0,7.8,0.0,0.0,4.49,2.5,1.0,21.3,0.3663,23.5,97.7,0.3,0.0,0.7,3
휠러,한화,07월 06일,0.8,0.0,2.667,2.331,0.814,1.585,0.0,2.7,0.0,6.3,1.0,0.0,0.0,5.2,0.0,0.0,4.86,1.5,1.0,19.1,0.2664,21.9,97.9,0.1,0.0,0.9,4
휠러,한화,07월 12일,0.2,0.0,5.786,4.166,0.8682,1.614,0.0,1.5,0.0,5.3,1.0,0.0,0.0,6.5,0.0,0.0,4.92,3.2,1.0,19.7,0.3275,22.6,105.9,0.7,0.0,1.0,1
